label,hand,lm0_x,lm0_y,lm1_x,lm1_y,lm2_x,lm2_y,lm3_x,lm3_y,lm4_x,lm4_y,lm5_x,lm5_y,lm6_x,lm6_y,lm7_x,lm7_y,lm8_x,lm8_y,lm9_x,lm9_y,lm10_x,lm10_y,lm11_x,lm11_y,lm12_x,lm12_y,lm13_x,lm13_y,lm14_x,lm14_y,lm15_x,lm15_y,lm16_x,lm16_y,lm17_x,lm17_y,lm18_x,lm18_y,lm19_x,lm19_y,lm20_x,lm20_y
1,right,0.0,0.0,-0.20863309352517986,-0.05405405405405406,-0.38848920863309355,-0.17297297297297298,-0.5179856115107914,-0.2756756756756757,-0.6474820143884892,-0.32432432432432434,-0.23741007194244604,-0.40540540540540543,-0.2517985611510791,-0.5675675675675675,-0.26618705035971224,-0.6756756756756757,-0.26618705035971224,-0.772972972972973,-0.10071942446043165,-0.41081081081081083,-0.1366906474820144,-0.6108108108108108,-0.15827338129496402,-0.7297297297297297,-0.17266187050359713,-0.8378378378378378,0.050359712230215826,-0.3675675675675676,0.08633093525179857,-0.5135135135135135,0.03597122302158273,-0.4,-0.007194244604316547,-0.3027027027027027,0.18705035971223022,-0.2918918918918919,0.19424460431654678,-0.3621621621621622,0.1366906474820144,-0.2810810810810811,0.09352517985611511,-0.20540540540540542
1,right,0.0,0.0,-0.24666666666666667,-0.02857142857142857,-0.4666666666666667,-0.13214285714285715,-0.5266666666666666,-0.26071428571428573,-0.38666666666666666,-0.30714285714285716,-0.30666666666666664,-0.3821428571428571,-0.36,-0.55,-0.38666666666666666,-0.6607142857142857,-0.4,-0.7571428571428571,-0.11333333333333333,-0.4035714285714286,-0.18,-0.6,-0.22666666666666666,-0.725,-0.25333333333333335,-0.8357142857142857,0.08,-0.3678571428571429,0.14,-0.5107142857142857,0.1,-0.38571428571428573,0.05333333333333334,-0.28214285714285714,0.26666666666666666,-0.29642857142857143,0.31333333333333335,-0.37857142857142856,0.26,-0.2857142857142857,0.19333333333333333,-0.20357142857142857
1,right,0.0,0.0,-0.20382165605095542,-0.04054054054054054,-0.3821656050955414,-0.15765765765765766,-0.4968152866242038,-0.2702702702702703,-0.6178343949044586,-0.32432432432432434,-0.24203821656050956,-0.38738738738738737,-0.2484076433121019,-0.5585585585585585,-0.2484076433121019,-0.6621621621621622,-0.24203821656050956,-0.7522522522522522,-0.10191082802547771,-0.4009009009009009,-0.12101910828025478,-0.6126126126126126,-0.14012738853503184,-0.7342342342342343,-0.14012738853503184,-0.8378378378378378,0.03821656050955414,-0.36486486486486486,0.09554140127388536,-0.5225225225225225,0.06369426751592357,-0.42792792792792794,0.03184713375796178,-0.33783783783783783,0.17197452229299362,-0.2927927927927928,0.21656050955414013,-0.38738738738738737,0.17834394904458598,-0.31981981981981983,0.14012738853503184,-0.25225225225225223
1,right,0.0,0.0,-0.19708029197080293,-0.065,-0.31386861313868614,-0.17,-0.35766423357664234,-0.275,-0.4306569343065693,-0.35,-0.12408759124087591,-0.39,-0.10218978102189781,-0.565,-0.08759124087591241,-0.67,-0.06569343065693431,-0.76,0.0364963503649635,-0.4,0.051094890510948905,-0.6,0.058394160583941604,-0.725,0.072992700729927,-0.84,0.17518248175182483,-0.355,0.291970802919708,-0.49,0.291970802919708,-0.395,0.25547445255474455,-0.315,0.291970802919708,-0.275,0.40875912408759124,-0.335,0.39416058394160586,-0.285,0.3357664233576642,-0.24
1,right,0.0,0.0,-0.19736842105263158,0.06428571428571428,-0.4144736842105263,0.05714285714285714,-0.5986842105263158,0.007142857142857143,-0.743421052631579,0.02142857142857143,-0.506578947368421,-0.2642857142857143,-0.6644736842105263,-0.42857142857142855,-0.7631578947368421,-0.5428571428571428,-0.8421052631578947,-0.6571428571428571,-0.4144736842105263,-0.35,-0.618421052631579,-0.5571428571428572,-0.743421052631579,-0.6714285714285714,-0.8355263157894737,-0.7785714285714286,-0.28289473684210525,-0.39285714285714285,-0.42105263157894735,-0.5571428571428572,-0.40789473684210525,-0.40714285714285714,-0.375,-0.2714285714285714,-0.11842105263157894,-0.4,-0.2236842105263158,-0.4785714285714286,-0.2236842105263158,-0.37142857142857144,-0.20394736842105263,-0.2785714285714286
1,right,0.0,0.0,-0.21951219512195122,-0.027624309392265192,-0.4146341463414634,-0.1270718232044199,-0.5609756097560976,-0.22099447513812154,-0.6991869918699187,-0.2596685082872928,-0.3252032520325203,-0.3812154696132597,-0.34959349593495936,-0.5414364640883977,-0.36585365853658536,-0.6519337016574586,-0.37398373983739835,-0.7458563535911602,-0.17886178861788618,-0.39779005524861877,-0.22764227642276422,-0.6077348066298343,-0.2601626016260163,-0.7292817679558011,-0.2845528455284553,-0.8342541436464088,-0.024390243902439025,-0.3701657458563536,0.008130081300813009,-0.5193370165745856,-0.024390243902439025,-0.40331491712707185,-0.056910569105691054,-0.2983425414364641,0.13821138211382114,-0.30939226519337015,0.13821138211382114,-0.39226519337016574,0.0975609756097561,-0.30939226519337015,0.06504065040650407,-0.2265193370165746
1,right,0.0,0.0,-0.2265625,-0.03888888888888889,-0.4296875,-0.16666666666666666,-0.5625,-0.26666666666666666,-0.6953125,-0.3111111111111111,-0.2890625,-0.3888888888888889,-0.375,-0.5277777777777778,-0.4296875,-0.6,-0.4609375,-0.6555555555555556,-0.1328125,-0.42777777777777776,-0.1796875,-0.6222222222222222,-0.21875,-0.7444444444444445,-0.234375,-0.8333333333333334,0.015625,-0.4,0.0625,-0.5722222222222222,0.0390625,-0.5722222222222222,0.0234375,-0.5444444444444444,0.1484375,-0.3333333333333333,0.1484375,-0.37777777777777777,0.109375,-0.3333333333333333,0.0703125,-0.2833333333333333
1,right,0.0,0.0,-0.18421052631578946,-0.04145077720207254,-0.35526315789473684,-0.15025906735751296,-0.5,-0.23834196891191708,-0.631578947368421,-0.29015544041450775,-0.20394736842105263,-0.39378238341968913,-0.2236842105263158,-0.5595854922279793,-0.2236842105263158,-0.6632124352331606,-0.21710526315789475,-0.7564766839378239,-0.07236842105263158,-0.40932642487046633,-0.10526315789473684,-0.6113989637305699,-0.11842105263157894,-0.7357512953367875,-0.125,-0.8341968911917098,0.05263157894736842,-0.36787564766839376,0.10526315789473684,-0.5077720207253886,0.09210526315789473,-0.5284974093264249,0.06578947368421052,-0.533678756476684,0.17105263157894737,-0.29533678756476683,0.21052631578947367,-0.3626943005181347,0.17763157894736842,-0.32124352331606215,0.13815789473684212,-0.27461139896373055
1,right,0.0,0.0,-0.20454545454545456,-0.053763440860215055,-0.3712121212121212,-0.20430107526881722,-0.49242424242424243,-0.3225806451612903,-0.6287878787878788,-0.3924731182795699,-0.20454545454545456,-0.40860215053763443,-0.20454545454545456,-0.5806451612903226,-0.20454545454545456,-0.6935483870967742,-0.1893939393939394,-0.7849462365591398,-0.06060606060606061,-0.4032258064516129,-0.06060606060606061,-0.6182795698924731,-0.07575757575757576,-0.7419354838709677,-0.06818181818181818,-0.8387096774193549,0.08333333333333333,-0.34946236559139787,0.10606060606060606,-0.521505376344086,0.007575757575757576,-0.46236559139784944,-0.06060606060606061,-0.4032258064516129,0.20454545454545456,-0.26344086021505375,0.15151515151515152,-0.3118279569892473,0.07575757575757576,-0.24193548387096775,0.03787878787878788,-0.1881720430107527
1,right,0.0,0.0,-0.18439716312056736,-0.060109289617486336,-0.3475177304964539,-0.1912568306010929,-0.48226950354609927,-0.28415300546448086,-0.6170212765957447,-0.3333333333333333,-0.19148936170212766,-0.4207650273224044,-0.20567375886524822,-0.5846994535519126,-0.20567375886524822,-0.6885245901639344,-0.19858156028368795,-0.7759562841530054,-0.06382978723404255,-0.43169398907103823,-0.07092198581560284,-0.6229508196721312,-0.07801418439716312,-0.7486338797814208,-0.0851063829787234,-0.8360655737704918,0.05673758865248227,-0.39344262295081966,0.12056737588652482,-0.5628415300546448,0.07801418439716312,-0.6010928961748634,0.0070921985815602835,-0.6010928961748634,0.1773049645390071,-0.3224043715846995,0.22695035460992907,-0.43169398907103823,0.18439716312056736,-0.43169398907103823,0.10638297872340426,-0.39344262295081966
1,right,0.0,0.0,-0.20987654320987653,-0.04838709677419355,-0.37037037037037035,-0.1774193548387097,-0.4691358024691358,-0.28225806451612906,-0.5679012345679012,-0.3467741935483871,-0.2839506172839506,-0.3870967741935484,-0.38271604938271603,-0.5725806451612904,-0.43209876543209874,-0.6854838709677419,-0.4691358024691358,-0.7661290322580645,-0.13580246913580246,-0.4032258064516129,-0.20987654320987653,-0.6209677419354839,-0.24691358024691357,-0.7419354838709677,-0.25925925925925924,-0.8387096774193549,0.0,-0.3790322580645161,0.07407407407407407,-0.5080645161290323,0.13580246913580246,-0.5806451612903226,0.19753086419753085,-0.6290322580645161,0.13580246913580246,-0.31451612903225806,0.18518518518518517,-0.3629032258064516,0.2345679012345679,-0.3629032258064516,0.2839506172839506,-0.3467741935483871
1,right,0.0,0.0,-0.2,-0.057692307692307696,-0.376,-0.17307692307692307,-0.504,-0.27564102564102566,-0.616,-0.32051282051282054,-0.224,-0.4230769230769231,-0.264,-0.5833333333333334,-0.272,-0.6858974358974359,-0.28,-0.7692307692307693,-0.096,-0.4423076923076923,-0.152,-0.6282051282051282,-0.168,-0.7435897435897436,-0.184,-0.8333333333333334,0.04,-0.40384615384615385,0.064,-0.5256410256410257,0.08,-0.5961538461538461,0.088,-0.6538461538461539,0.168,-0.3269230769230769,0.224,-0.3974358974358974,0.224,-0.40384615384615385,0.216,-0.40384615384615385
1,right,0.0,0.0,-0.19166666666666668,-0.026845637583892617,-0.3416666666666667,-0.09395973154362416,-0.4583333333333333,-0.1610738255033557,-0.5916666666666667,-0.18120805369127516,-0.25,-0.3691275167785235,-0.325,-0.5503355704697986,-0.35833333333333334,-0.6711409395973155,-0.375,-0.7651006711409396,-0.10833333333333334,-0.40939597315436244,-0.15833333333333333,-0.6040268456375839,-0.19166666666666668,-0.7315436241610739,-0.20833333333333334,-0.8389261744966443,0.025,-0.38926174496644295,0.041666666666666664,-0.5570469798657718,0.058333333333333334,-0.6577181208053692,0.075,-0.7315436241610739,0.15,-0.33557046979865773,0.20833333333333334,-0.42953020134228187,0.23333333333333334,-0.46308724832214765,0.24166666666666667,-0.47651006711409394
1,right,0.0,0.0,-0.20512820512820512,-0.042682926829268296,-0.39316239316239315,-0.1524390243902439,-0.5213675213675214,-0.24390243902439024,-0.6410256410256411,-0.2865853658536585,-0.27350427350427353,-0.39634146341463417,-0.358974358974359,-0.5609756097560976,-0.41025641025641024,-0.6707317073170732,-0.4444444444444444,-0.7560975609756098,-0.11965811965811966,-0.42073170731707316,-0.17094017094017094,-0.6280487804878049,-0.19658119658119658,-0.75,-0.21367521367521367,-0.8414634146341463,0.017094017094017096,-0.3902439024390244,0.08547008547008547,-0.5365853658536586,0.06837606837606838,-0.524390243902439,0.042735042735042736,-0.4878048780487805,0.1452991452991453,-0.3170731707317073,0.20512820512820512,-0.3780487804878049,0.1794871794871795,-0.32926829268292684,0.1452991452991453,-0.27439024390243905
1,right,0.0,0.0,-0.21551724137931033,-0.03125,-0.41379310344827586,-0.13125,-0.5431034482758621,-0.21875,-0.6637931034482759,-0.275,-0.3017241379310345,-0.3875,-0.3448275862068966,-0.56875,-0.3620689655172414,-0.675,-0.3706896551724138,-0.7625,-0.15517241379310345,-0.4125,-0.21551724137931033,-0.625,-0.2413793103448276,-0.74375,-0.2672413793103448,-0.8375,0.0,-0.3875,0.05172413793103448,-0.51875,0.05172413793103448,-0.525,0.05172413793103448,-0.51875,0.13793103448275862,-0.325,0.1810344827586207,-0.38125,0.1810344827586207,-0.35625,0.16379310344827586,-0.325
1,right,0.0,0.0,-0.20491803278688525,-0.02054794520547945,-0.3770491803278688,-0.08904109589041095,-0.5245901639344263,-0.1506849315068493,-0.6639344262295082,-0.17123287671232876,-0.27049180327868855,-0.3561643835616438,-0.32786885245901637,-0.541095890410959,-0.36065573770491804,-0.6575342465753424,-0.38524590163934425,-0.7602739726027398,-0.13114754098360656,-0.3767123287671233,-0.19672131147540983,-0.5958904109589042,-0.22950819672131148,-0.7328767123287672,-0.2459016393442623,-0.8356164383561644,0.00819672131147541,-0.3424657534246575,0.03278688524590164,-0.4794520547945205,0.03278688524590164,-0.4520547945205479,0.02459016393442623,-0.4041095890410959,0.13934426229508196,-0.2671232876712329,0.1721311475409836,-0.3082191780821918,0.1557377049180328,-0.2534246575342466,0.13934426229508196,-0.1917808219178082
1,right,0.0,0.0,-0.16071428571428573,-0.11333333333333333,-0.25892857142857145,-0.2733333333333333,-0.3125,-0.4066666666666667,-0.38392857142857145,-0.4866666666666667,0.0,-0.4533333333333333,0.0625,-0.62,0.10714285714285714,-0.72,0.15178571428571427,-0.8066666666666666,0.13392857142857142,-0.43333333333333335,0.20535714285714285,-0.6266666666666667,0.25,-0.7466666666666667,0.29464285714285715,-0.84,0.25,-0.36,0.3482142857142857,-0.46,0.4017857142857143,-0.49333333333333335,0.41964285714285715,-0.5133333333333333,0.33035714285714285,-0.25333333333333335,0.41964285714285715,-0.29333333333333333,0.44642857142857145,-0.3,0.45535714285714285,-0.3
1,right,0.0,0.0,-0.20689655172413793,-0.007246376811594203,-0.4224137931034483,-0.06521739130434782,-0.603448275862069,-0.11594202898550725,-0.7586206896551724,-0.12318840579710146,-0.3706896551724138,-0.36231884057971014,-0.46551724137931033,-0.5434782608695652,-0.5258620689655172,-0.6594202898550725,-0.5689655172413793,-0.7681159420289855,-0.23275862068965517,-0.39855072463768115,-0.35344827586206895,-0.6086956521739131,-0.43103448275862066,-0.7318840579710145,-0.49137931034482757,-0.8405797101449275,-0.07758620689655173,-0.38405797101449274,-0.09482758620689655,-0.5434782608695652,-0.13793103448275862,-0.463768115942029,-0.1724137931034483,-0.37681159420289856,0.08620689655172414,-0.3333333333333333,0.06896551724137931,-0.38405797101449274,0.034482758620689655,-0.2826086956521739,0.008620689655172414,-0.2028985507246377
1,right,0.0,0.0,-0.25,-0.05426356589147287,-0.4479166666666667,-0.18604651162790697,-0.5729166666666666,-0.3023255813953488,-0.6770833333333334,-0.3875968992248062,-0.3541666666666667,-0.4418604651162791,-0.4583333333333333,-0.6124031007751938,-0.5104166666666666,-0.7131782945736435,-0.5625,-0.7984496124031008,-0.1875,-0.4728682170542636,-0.25,-0.6666666666666666,-0.3020833333333333,-0.7674418604651163,-0.34375,-0.8449612403100775,-0.020833333333333332,-0.4496124031007752,0.0,-0.6356589147286822,-0.03125,-0.6356589147286822,-0.0625,-0.6201550387596899,0.13541666666666666,-0.3875968992248062,0.15625,-0.4806201550387597,0.125,-0.43410852713178294,0.08333333333333333,-0.3798449612403101
1,right,0.0,0.0,-0.20952380952380953,-0.06289308176100629,-0.38095238095238093,-0.18238993710691823,-0.4857142857142857,-0.2893081761006289,-0.5904761904761905,-0.3584905660377358,-0.23809523809523808,-0.4088050314465409,-0.29523809523809524,-0.5849056603773585,-0.3238095238095238,-0.6855345911949685,-0.3333333333333333,-0.779874213836478,-0.0761904761904762,-0.4276729559748428,-0.13333333333333333,-0.6289308176100629,-0.14285714285714285,-0.7484276729559748,-0.1523809523809524,-0.8364779874213837,0.06666666666666667,-0.389937106918239,0.13333333333333333,-0.5157232704402516,0.13333333333333333,-0.5283018867924528,0.12380952380952381,-0.5283018867924528,0.20952380952380953,-0.31446540880503143,0.2571428571428571,-0.3836477987421384,0.22857142857142856,-0.34591194968553457,0.18095238095238095,-0.2893081761006289
2,right,0.0,0.0,-0.15503875968992248,-0.1810344827586207,-0.2713178294573643,-0.43103448275862066,-0.40310077519379844,-0.603448275862069,-0.5348837209302325,-0.6982758620689655,-0.046511627906976744,-0.6379310344827587,-0.03875968992248062,-0.8448275862068966,-0.08527131782945736,-0.6724137931034483,-0.10077519379844961,-0.5689655172413793,0.09302325581395349,-0.5689655172413793,0.08527131782945736,-0.6982758620689655,-0.007751937984496124,-0.49137931034482757,0.007751937984496124,-0.47413793103448276,0.20930232558139536,-0.45689655172413796,0.1937984496124031,-0.5431034482758621,0.09302325581395349,-0.3793103448275862,0.11627906976744186,-0.3706896551724138,0.31007751937984496,-0.3275862068965517,0.2868217054263566,-0.3879310344827586,0.18604651162790697,-0.29310344827586204,0.17829457364341086,-0.27586206896551724
2,right,0.0,0.0,-0.1693548387096774,-0.0891089108910891,-0.3225806451612903,-0.25742574257425743,-0.4596774193548387,-0.37623762376237624,-0.5887096774193549,-0.40594059405940597,-0.20161290322580644,-0.6039603960396039,-0.1693548387096774,-0.8415841584158416,-0.1532258064516129,-0.6633663366336634,-0.16129032258064516,-0.5544554455445545,-0.056451612903225805,-0.5643564356435643,0.008064516129032258,-0.7425742574257426,-0.016129032258064516,-0.48514851485148514,-0.056451612903225805,-0.4752475247524752,0.08064516129032258,-0.5148514851485149,0.14516129032258066,-0.6435643564356436,0.0967741935483871,-0.43564356435643564,0.056451612903225805,-0.4158415841584158,0.20161290322580644,-0.43564356435643564,0.25,-0.5247524752475248,0.20161290322580644,-0.38613861386138615,0.16129032258064516,-0.33663366336633666
2,right,0.0,0.0,-0.18181818181818182,-0.047058823529411764,-0.35353535353535354,-0.1411764705882353,-0.48484848484848486,-0.15294117647058825,-0.6060606060606061,-0.09411764705882353,-0.3434343434343434,-0.6,-0.2828282828282828,-0.8352941176470589,-0.21212121212121213,-0.6235294117647059,-0.2222222222222222,-0.5294117647058824,-0.16161616161616163,-0.6352941176470588,-0.08080808080808081,-0.8117647058823529,-0.050505050505050504,-0.5411764705882353,-0.10101010101010101,-0.5058823529411764,0.010101010101010102,-0.6235294117647059,0.09090909090909091,-0.7647058823529411,0.09090909090909091,-0.5294117647058824,0.030303030303030304,-0.49411764705882355,0.1414141414141414,-0.6,0.23232323232323232,-0.6941176470588235,0.20202020202020202,-0.5294117647058824,0.15151515151515152,-0.47058823529411764
2,right,0.0,0.0,-0.18421052631578946,-0.02564102564102564,-0.39473684210526316,-0.11538461538461539,-0.5701754385964912,-0.1282051282051282,-0.7017543859649122,-0.0641025641025641,-0.34210526315789475,-0.5897435897435898,-0.34210526315789475,-0.8461538461538461,-0.2894736842105263,-0.6025641025641025,-0.2807017543859649,-0.48717948717948717,-0.17543859649122806,-0.6410256410256411,-0.15789473684210525,-0.8205128205128205,-0.13157894736842105,-0.5128205128205128,-0.15789473684210525,-0.44871794871794873,-0.017543859649122806,-0.6410256410256411,0.008771929824561403,-0.7948717948717948,0.0,-0.5128205128205128,-0.03508771929824561,-0.4358974358974359,0.12280701754385964,-0.6153846153846154,0.14035087719298245,-0.717948717948718,0.12280701754385964,-0.5,0.07894736842105263,-0.41025641025641024
2,right,0.0,0.0,-0.2204724409448819,-0.14772727272727273,-0.41732283464566927,-0.3409090909090909,-0.5984251968503937,-0.4431818181818182,-0.7322834645669292,-0.48863636363636365,-0.25196850393700787,-0.7272727272727273,-0.3858267716535433,-0.8409090909090909,-0.3700787401574803,-0.625,-0.33070866141732286,-0.5340909090909091,-0.11811023622047244,-0.7272727272727273,-0.25196850393700787,-0.7386363636363636,-0.25196850393700787,-0.4659090909090909,-0.1968503937007874,-0.4431818181818182,0.007874015748031496,-0.6477272727272727,-0.11023622047244094,-0.6136363636363636,-0.13385826771653545,-0.38636363636363635,-0.07874015748031496,-0.3977272727272727,0.11023622047244094,-0.5227272727272727,0.015748031496062992,-0.45454545454545453,-0.03937007874015748,-0.3068181818181818,0.0,-0.3181818181818182
2,right,0.0,0.0,-0.2018348623853211,-0.07692307692307693,-0.3486238532110092,-0.25961538461538464,-0.44036697247706424,-0.4326923076923077,-0.5229357798165137,-0.5673076923076923,-0.21100917431192662,-0.5769230769230769,-0.22018348623853212,-0.8269230769230769,-0.22018348623853212,-0.8173076923076923,-0.21100917431192662,-0.7019230769230769,-0.05504587155963303,-0.5673076923076923,-0.027522935779816515,-0.8461538461538461,-0.03669724770642202,-0.7596153846153846,-0.05504587155963303,-0.625,0.09174311926605505,-0.5096153846153846,0.1651376146788991,-0.7596153846153846,0.12844036697247707,-0.6442307692307693,0.08256880733944955,-0.5192307692307693,0.23853211009174313,-0.41346153846153844,0.3119266055045872,-0.5480769230769231,0.27522935779816515,-0.49038461538461536,0.22935779816513763,-0.41346153846153844
2,right,0.0,0.0,-0.2,-0.15384615384615385,-0.29523809523809524,-0.4230769230769231,-0.34285714285714286,-0.6442307692307693,-0.44761904761904764,-0.7788461538461539,-0.047619047619047616,-0.625,0.047619047619047616,-0.8461538461538461,0.0,-0.6923076923076923,-0.0380952380952381,-0.5673076923076923,0.10476190476190476,-0.5480769230769231,0.19047619047619047,-0.6634615384615384,0.08571428571428572,-0.4519230769230769,0.0380952380952381,-0.40384615384615385,0.22857142857142856,-0.4423076923076923,0.3142857142857143,-0.5288461538461539,0.19047619047619047,-0.3557692307692308,0.14285714285714285,-0.3269230769230769,0.34285714285714286,-0.3269230769230769,0.4,-0.38461538461538464,0.3047619047619048,-0.2692307692307692,0.2571428571428571,-0.25
2,right,0.0,0.0,-0.16535433070866143,-0.10784313725490197,-0.29133858267716534,-0.30392156862745096,-0.4015748031496063,-0.45098039215686275,-0.5275590551181102,-0.5098039215686274,-0.13385826771653545,-0.5980392156862745,-0.08661417322834646,-0.8431372549019608,-0.06299212598425197,-0.7254901960784313,-0.07086614173228346,-0.5784313725490197,0.007874015748031496,-0.5686274509803921,0.07874015748031496,-0.7843137254901961,0.05511811023622047,-0.5784313725490197,0.015748031496062992,-0.43137254901960786,0.13385826771653545,-0.49019607843137253,0.2125984251968504,-0.6764705882352942,0.16535433070866143,-0.5,0.10236220472440945,-0.37254901960784315,0.23622047244094488,-0.4019607843137255,0.31496062992125984,-0.5294117647058824,0.2677165354330709,-0.43137254901960786,0.2047244094488189,-0.3431372549019608
2,right,0.0,0.0,-0.19166666666666668,-0.05434782608695652,-0.35833333333333334,-0.15217391304347827,-0.5083333333333333,-0.18478260869565216,-0.6333333333333333,-0.13043478260869565,-0.275,-0.5652173913043478,-0.275,-0.8478260869565217,-0.23333333333333334,-0.75,-0.21666666666666667,-0.5978260869565217,-0.125,-0.5869565217391305,-0.10833333333333334,-0.8478260869565217,-0.08333333333333333,-0.6630434782608695,-0.1,-0.5108695652173914,0.025,-0.5543478260869565,0.05,-0.7717391304347826,0.058333333333333334,-0.5652173913043478,0.025,-0.42391304347826086,0.15833333333333333,-0.4782608695652174,0.2,-0.6304347826086957,0.18333333333333332,-0.4891304347826087,0.13333333333333333,-0.3804347826086957
2,right,0.0,0.0,-0.20952380952380953,0.0,-0.41904761904761906,-0.044444444444444446,-0.5714285714285714,-0.011111111111111112,-0.7142857142857143,0.06666666666666667,-0.38095238095238093,-0.5,-0.44761904761904764,-0.7666666666666667,-0.38095238095238093,-0.6111111111111112,-0.3333333333333333,-0.4666666666666667,-0.21904761904761905,-0.5555555555555556,-0.24761904761904763,-0.7777777777777778,-0.19047619047619047,-0.5444444444444444,-0.18095238095238095,-0.4111111111111111,-0.047619047619047616,-0.5555555555555556,-0.05714285714285714,-0.7555555555555555,-0.02857142857142857,-0.5222222222222223,-0.0380952380952381,-0.3888888888888889,0.12380952380952381,-0.5222222222222223,0.13333333333333333,-0.6777777777777778,0.12380952380952381,-0.5111111111111111,0.09523809523809523,-0.4
2,right,0.0,0.0,-0.21818181818181817,-0.02631578947368421,-0.42727272727272725,-0.15789473684210525,-0.6,-0.23684210526315788,-0.7545454545454545,-0.27631578947368424,-0.37272727272727274,-0.5789473684210527,-0.4636363636363636,-0.7763157894736842,-0.4,-0.5526315789473685,-0.34545454545454546,-0.3815789473684211,-0.22727272727272727,-0.631578947368421,-0.3,-0.8421052631578947,-0.2545454545454545,-0.5263157894736842,-0.23636363636363636,-0.3815789473684211,-0.07272727272727272,-0.631578947368421,-0.12727272727272726,-0.8289473684210527,-0.11818181818181818,-0.5394736842105263,-0.10909090909090909,-0.39473684210526316,0.08181818181818182,-0.6052631578947368,0.045454545454545456,-0.7631578947368421,0.01818181818181818,-0.5657894736842105,0.0,-0.4473684210526316
2,right,0.0,0.0,-0.20175438596491227,-0.0898876404494382,-0.37719298245614036,-0.30337078651685395,-0.5,-0.4606741573033708,-0.631578947368421,-0.550561797752809,-0.24561403508771928,-0.6179775280898876,-0.23684210526315788,-0.8426966292134831,-0.19298245614035087,-0.6404494382022472,-0.17543859649122806,-0.48314606741573035,-0.08771929824561403,-0.6179775280898876,-0.06140350877192982,-0.8202247191011236,-0.05263157894736842,-0.5617977528089888,-0.07894736842105263,-0.42696629213483145,0.05263157894736842,-0.5730337078651685,0.08771929824561403,-0.7528089887640449,0.07017543859649122,-0.5280898876404494,0.03508771929824561,-0.4044943820224719,0.17543859649122806,-0.5056179775280899,0.21052631578947367,-0.651685393258427,0.18421052631578946,-0.5056179775280899,0.14035087719298245,-0.42696629213483145
2,right,0.0,0.0,-0.16312056737588654,-0.09649122807017543,-0.2978723404255319,-0.2719298245614035,-0.425531914893617,-0.3684210526315789,-0.5460992907801419,-0.37719298245614036,-0.11347517730496454,-0.6052631578947368,-0.09219858156028368,-0.8421052631578947,-0.06382978723404255,-0.8245614035087719,-0.06382978723404255,-0.7105263157894737,0.014184397163120567,-0.5877192982456141,0.06382978723404255,-0.8421052631578947,0.07801418439716312,-0.7543859649122807,0.05673758865248227,-0.6140350877192983,0.12056737588652482,-0.5175438596491229,0.19148936170212766,-0.7456140350877193,0.19858156028368795,-0.6754385964912281,0.1702127659574468,-0.5614035087719298,0.22695035460992907,-0.41228070175438597,0.2978723404255319,-0.5350877192982456,0.2978723404255319,-0.5,0.2624113475177305,-0.4298245614035088
2,right,0.0,0.0,-0.1896551724137931,-0.06896551724137931,-0.3706896551724138,-0.25287356321839083,-0.5258620689655172,-0.367816091954023,-0.6724137931034483,-0.39080459770114945,-0.27586206896551724,-0.6091954022988506,-0.29310344827586204,-0.8390804597701149,-0.25862068965517243,-0.6206896551724138,-0.25,-0.4827586206896552,-0.1206896551724138,-0.6206896551724138,-0.1206896551724138,-0.8275862068965517,-0.1206896551724138,-0.5402298850574713,-0.13793103448275862,-0.45977011494252873,0.02586206896551724,-0.5862068965517241,0.034482758620689655,-0.7701149425287356,0.017241379310344827,-0.5172413793103449,-0.008620689655172414,-0.4367816091954023,0.15517241379310345,-0.5287356321839081,0.1724137931034483,-0.6551724137931034,0.13793103448275862,-0.4942528735632184,0.10344827586206896,-0.41379310344827586
2,right,0.0,0.0,-0.1826086956521739,-0.058823529411764705,-0.3652173913043478,-0.23529411764705882,-0.5391304347826087,-0.3058823529411765,-0.6782608695652174,-0.29411764705882354,-0.30434782608695654,-0.6235294117647059,-0.3130434782608696,-0.8352941176470589,-0.26956521739130435,-0.5882352941176471,-0.25217391304347825,-0.4823529411764706,-0.1391304347826087,-0.6352941176470588,-0.1391304347826087,-0.8352941176470589,-0.13043478260869565,-0.5411764705882353,-0.14782608695652175,-0.4823529411764706,0.008695652173913044,-0.611764705882353,0.02608695652173913,-0.788235294117647,0.008695652173913044,-0.5176470588235295,-0.017391304347826087,-0.4588235294117647,0.14782608695652175,-0.5647058823529412,0.16521739130434782,-0.6941176470588235,0.13043478260869565,-0.5176470588235295,0.09565217391304348,-0.43529411764705883
2,right,0.0,0.0,-0.21904761904761905,-0.03896103896103896,-0.4380952380952381,-0.12987012987012986,-0.6190476190476191,-0.1038961038961039,-0.7428571428571429,-0.012987012987012988,-0.3904761904761905,-0.6103896103896104,-0.47619047619047616,-0.7922077922077922,-0.4,-0.5584415584415584,-0.3523809523809524,-0.45454545454545453,-0.21904761904761905,-0.6753246753246753,-0.2857142857142857,-0.8441558441558441,-0.24761904761904763,-0.5324675324675324,-0.21904761904761905,-0.4805194805194805,-0.05714285714285714,-0.6753246753246753,-0.08571428571428572,-0.8181818181818182,-0.08571428571428572,-0.5324675324675324,-0.08571428571428572,-0.4805194805194805,0.10476190476190476,-0.6493506493506493,0.08571428571428572,-0.7662337662337663,0.05714285714285714,-0.5584415584415584,0.047619047619047616,-0.4935064935064935
2,right,0.0,0.0,-0.18110236220472442,-0.1111111111111111,-0.3464566929133858,-0.32222222222222224,-0.49606299212598426,-0.4666666666666667,-0.6299212598425197,-0.5,-0.2125984251968504,-0.6444444444444445,-0.1968503937007874,-0.8444444444444444,-0.1889763779527559,-0.6,-0.1968503937007874,-0.5111111111111111,-0.06299212598425197,-0.6222222222222222,-0.031496062992125984,-0.8,-0.06299212598425197,-0.5222222222222223,-0.08661417322834646,-0.5,0.07086614173228346,-0.5777777777777777,0.11023622047244094,-0.7111111111111111,0.06299212598425197,-0.4888888888888889,0.031496062992125984,-0.45555555555555555,0.18110236220472442,-0.5,0.2125984251968504,-0.6,0.16535433070866143,-0.4444444444444444,0.13385826771653545,-0.4
2,right,0.0,0.0,-0.176,-0.16304347826086957,-0.32,-0.43478260869565216,-0.44,-0.6304347826086957,-0.56,-0.7391304347826086,-0.128,-0.6739130434782609,-0.096,-0.8478260869565217,-0.128,-0.6304347826086957,-0.144,-0.5434782608695652,0.016,-0.6195652173913043,0.056,-0.7608695652173914,-0.024,-0.5108695652173914,-0.032,-0.4782608695652174,0.144,-0.5217391304347826,0.184,-0.6304347826086957,0.088,-0.42391304347826086,0.064,-0.40217391304347827,0.248,-0.41304347826086957,0.28,-0.4782608695652174,0.192,-0.34782608695652173,0.16,-0.31521739130434784
2,right,0.0,0.0,-0.17037037037037037,-0.12643678160919541,-0.31851851851851853,-0.3448275862068966,-0.4666666666666667,-0.4827586206896552,-0.6,-0.4827586206896552,-0.17777777777777778,-0.6666666666666666,-0.14074074074074075,-0.8390804597701149,-0.14814814814814814,-0.5977011494252874,-0.16296296296296298,-0.5287356321839081,-0.02962962962962963,-0.632183908045977,0.014814814814814815,-0.7816091954022989,-0.037037037037037035,-0.5057471264367817,-0.06666666666666667,-0.4942528735632184,0.0962962962962963,-0.5632183908045977,0.14074074074074075,-0.6666666666666666,0.07407407407407407,-0.4367816091954023,0.037037037037037035,-0.4367816091954023,0.2,-0.47126436781609193,0.23703703703703705,-0.5517241379310345,0.17037037037037037,-0.39080459770114945,0.14074074074074075,-0.3563218390804598
2,right,0.0,0.0,-0.20869565217391303,-0.04081632653061224,-0.4,-0.14285714285714285,-0.5652173913043478,-0.1836734693877551,-0.6956521739130435,-0.14285714285714285,-0.3391304347826087,-0.5612244897959183,-0.3826086956521739,-0.7857142857142857,-0.3217391304347826,-0.6122448979591837,-0.2956521739130435,-0.47959183673469385,-0.1826086956521739,-0.5918367346938775,-0.21739130434782608,-0.8367346938775511,-0.1826086956521739,-0.6020408163265306,-0.17391304347826086,-0.5,-0.02608695652173913,-0.5714285714285714,-0.034782608695652174,-0.7755102040816326,-0.02608695652173913,-0.5510204081632653,-0.034782608695652174,-0.4489795918367347,0.1391304347826087,-0.5204081632653061,0.14782608695652175,-0.6632653061224489,0.12173913043478261,-0.5204081632653061,0.09565217391304348,-0.4387755102040816
2,right,0.0,0.0,-0.2,-0.09090909090909091,-0.392,-0.2840909090909091,-0.552,-0.4090909090909091,-0.688,-0.4431818181818182,-0.264,-0.6363636363636364,-0.296,-0.8295454545454546,-0.272,-0.6136363636363636,-0.256,-0.5340909090909091,-0.12,-0.6363636363636364,-0.144,-0.8409090909090909,-0.152,-0.5795454545454546,-0.144,-0.5340909090909091,0.016,-0.5909090909090909,0.008,-0.75,-0.016,-0.5227272727272727,-0.024,-0.48863636363636365,0.144,-0.5113636363636364,0.152,-0.6363636363636364,0.112,-0.48863636363636365,0.096,-0.4431818181818182
2,right,0.0,0.0,-0.1826086956521739,-0.13953488372093023,-0.3130434782608696,-0.43023255813953487,-0.41739130434782606,-0.6627906976744186,-0.5391304347826087,-0.7906976744186046,-0.1565217391304348,-0.7093023255813954,-0.0782608695652174,-0.8372093023255814,-0.10434782608695652,-0.5813953488372093,-0.1391304347826087,-0.5581395348837209,0.008695652173913044,-0.6627906976744186,0.0782608695652174,-0.7790697674418605,0.017391304347826087,-0.5,-0.02608695652173913,-0.5116279069767442,0.14782608695652175,-0.5813953488372093,0.21739130434782608,-0.6627906976744186,0.13043478260869565,-0.43023255813953487,0.08695652173913043,-0.4418604651162791,0.2608695652173913,-0.5,0.30434782608695654,-0.5348837209302325,0.23478260869565218,-0.37209302325581395,0.1826086956521739,-0.36046511627906974
2,right,0.0,0.0,-0.1889763779527559,-0.16666666666666666,-0.33858267716535434,-0.4215686274509804,-0.49606299212598426,-0.5784313725490197,-0.6220472440944882,-0.6666666666666666,-0.1732283464566929,-0.6666666666666666,-0.2125984251968504,-0.8431372549019608,-0.2047244094488189,-0.6274509803921569,-0.18110236220472442,-0.5784313725490197,-0.031496062992125984,-0.6372549019607843,-0.07086614173228346,-0.803921568627451,-0.09448818897637795,-0.5588235294117647,-0.06299212598425197,-0.5490196078431373,0.10236220472440945,-0.5686274509803921,0.06299212598425197,-0.7058823529411765,0.015748031496062992,-0.49019607843137253,0.047244094488188976,-0.4803921568627451,0.2204724409448819,-0.47058823529411764,0.1732283464566929,-0.5588235294117647,0.11811023622047244,-0.43137254901960786,0.14173228346456693,-0.4117647058823529
2,right,0.0,0.0,-0.2125984251968504,-0.11224489795918367,-0.4015748031496063,-0.3163265306122449,-0.5748031496062992,-0.41836734693877553,-0.7086614173228346,-0.4387755102040816,-0.2755905511811024,-0.6428571428571429,-0.33858267716535434,-0.8367346938775511,-0.30708661417322836,-0.6224489795918368,-0.28346456692913385,-0.5714285714285714,-0.13385826771653545,-0.6530612244897959,-0.1968503937007874,-0.8163265306122449,-0.1968503937007874,-0.5816326530612245,-0.15748031496062992,-0.5714285714285714,0.007874015748031496,-0.6020408163265306,-0.05511811023622047,-0.7448979591836735,-0.07086614173228346,-0.5306122448979592,-0.031496062992125984,-0.5102040816326531,0.13385826771653545,-0.5306122448979592,0.07874015748031496,-0.6122448979591837,0.03937007874015748,-0.46938775510204084,0.06299212598425197,-0.4387755102040816
2,right,0.0,0.0,-0.24778761061946902,-0.05128205128205128,-0.4778761061946903,-0.16666666666666666,-0.672566371681416,-0.16666666666666666,-0.8141592920353983,-0.10256410256410256,-0.4247787610619469,-0.6282051282051282,-0.5486725663716814,-0.782051282051282,-0.4690265486725664,-0.5512820512820513,-0.4247787610619469,-0.48717948717948717,-0.2831858407079646,-0.7051282051282052,-0.39823008849557523,-0.8461538461538461,-0.34513274336283184,-0.5641025641025641,-0.3008849557522124,-0.5512820512820513,-0.12389380530973451,-0.7051282051282052,-0.22123893805309736,-0.8333333333333334,-0.19469026548672566,-0.5641025641025641,-0.1504424778761062,-0.5512820512820513,0.02654867256637168,-0.6666666666666666,-0.04424778761061947,-0.7435897435897436,-0.061946902654867256,-0.5641025641025641,-0.02654867256637168,-0.5384615384615384
2,right,0.0,0.0,-0.2549019607843137,0.011363636363636364,-0.5098039215686274,0.0,-0.7156862745098039,0.09090909090909091,-0.8431372549019608,0.18181818181818182,-0.5392156862745098,-0.45454545454545453,-0.6764705882352942,-0.5454545454545454,-0.5588235294117647,-0.36363636363636365,-0.5098039215686274,-0.3181818181818182,-0.38235294117647056,-0.5568181818181818,-0.5196078431372549,-0.6363636363636364,-0.4215686274509804,-0.3977272727272727,-0.38235294117647056,-0.3977272727272727,-0.20588235294117646,-0.5909090909090909,-0.30392156862745096,-0.6590909090909091,-0.24509803921568626,-0.4318181818181818,-0.21568627450980393,-0.4431818181818182,-0.029411764705882353,-0.5909090909090909,-0.10784313725490197,-0.625,-0.09803921568627451,-0.4659090909090909,-0.06862745098039216,-0.4659090909090909
2,right,0.0,0.0,-0.17054263565891473,-0.1574074074074074,-0.31007751937984496,-0.3611111111111111,-0.4728682170542636,-0.48148148148148145,-0.6124031007751938,-0.5277777777777778,-0.15503875968992248,-0.6481481481481481,-0.16279069767441862,-0.8333333333333334,-0.17054263565891473,-0.6481481481481481,-0.17829457364341086,-0.5648148148148148,-0.015503875968992248,-0.6203703703703703,-0.023255813953488372,-0.7962962962962963,-0.06201550387596899,-0.5648148148148148,-0.046511627906976744,-0.5370370370370371,0.11627906976744186,-0.5462962962962963,0.12403100775193798,-0.6851851851851852,0.06201550387596899,-0.5,0.06976744186046512,-0.4722222222222222,0.23255813953488372,-0.4351851851851852,0.23255813953488372,-0.5370370370370371,0.16279069767441862,-0.42592592592592593,0.15503875968992248,-0.3888888888888889
2,right,0.0,0.0,-0.15447154471544716,-0.1511627906976744,-0.2682926829268293,-0.4418604651162791,-0.3821138211382114,-0.6511627906976745,-0.4796747967479675,-0.7906976744186046,0.008130081300813009,-0.8372093023255814,-0.11382113821138211,-0.7906976744186046,-0.14634146341463414,-0.5581395348837209,-0.0975609756097561,-0.5465116279069767,0.16260162601626016,-0.7790697674418605,0.032520325203252036,-0.6627906976744186,-0.032520325203252036,-0.43023255813953487,0.008130081300813009,-0.4418604651162791,0.2682926829268293,-0.6162790697674418,0.16260162601626016,-0.47674418604651164,0.08130081300813008,-0.3023255813953488,0.12195121951219512,-0.3372093023255814,0.35772357723577236,-0.43023255813953487,0.2682926829268293,-0.3372093023255814,0.1951219512195122,-0.22093023255813954,0.21951219512195122,-0.23255813953488372
2,right,0.0,0.0,-0.18604651162790697,-0.14035087719298245,-0.31007751937984496,-0.3684210526315789,-0.4186046511627907,-0.543859649122807,-0.5426356589147286,-0.6403508771929824,-0.10077519379844961,-0.6052631578947368,-0.07751937984496124,-0.8421052631578947,-0.12403100775193798,-0.6929824561403509,-0.14728682170542637,-0.5701754385964912,0.031007751937984496,-0.5789473684210527,0.06201550387596899,-0.8070175438596491,-0.015503875968992248,-0.631578947368421,-0.03875968992248062,-0.5263157894736842,0.15503875968992248,-0.5,0.1937984496124031,-0.7192982456140351,0.10852713178294573,-0.5526315789473685,0.06201550387596899,-0.43859649122807015,0.2713178294573643,-0.39473684210526316,0.3023255813953488,-0.5350877192982456,0.21705426356589147,-0.4298245614035088,0.16279069767441862,-0.3508771929824561
2,right,0.0,0.0,-0.17777777777777778,-0.128,-0.31851851851851853,-0.336,-0.43703703703703706,-0.488,-0.562962962962963,-0.576,-0.11851851851851852,-0.6,-0.08148148148148149,-0.84,-0.11851851851851852,-0.76,-0.14074074074074075,-0.648,0.0,-0.576,0.05185185185185185,-0.824,0.0,-0.696,-0.02962962962962963,-0.576,0.11851851851851852,-0.512,0.17777777777777778,-0.736,0.1111111111111111,-0.616,0.06666666666666667,-0.504,0.23703703703703705,-0.424,0.2740740740740741,-0.584,0.2074074074074074,-0.52,0.17037037037037037,-0.432
3,right,0.0,0.0,-0.2396694214876033,0.05202312138728324,-0.4380165289256198,0.19653179190751446,-0.5785123966942148,0.31213872832369943,-0.7272727272727273,0.34104046242774566,-0.35537190082644626,0.27167630057803466,-0.38016528925619836,0.5086705202312138,-0.38016528925619836,0.6358381502890174,-0.38016528925619836,0.7398843930635838,-0.18181818181818182,0.3063583815028902,-0.21487603305785125,0.5722543352601156,-0.2396694214876033,0.7283236994219653,-0.256198347107438,0.838150289017341,-0.03305785123966942,0.3179190751445087,-0.06611570247933884,0.5260115606936416,-0.09917355371900827,0.4913294797687861,-0.09917355371900827,0.42196531791907516,0.10743801652892562,0.3236994219653179,0.05785123966942149,0.4682080924855491,0.01652892561983471,0.44508670520231214,0.0,0.3988439306358382
3,right,0.0,0.0,-0.216,-0.10810810810810811,-0.464,0.0,-0.664,0.0945945945945946,-0.84,0.05405405405405406,-0.496,-0.06756756756756757,-0.664,0.33783783783783783,-0.688,0.5675675675675675,-0.656,0.6891891891891891,-0.36,0.04054054054054054,-0.528,0.5405405405405406,-0.536,0.7027027027027027,-0.512,0.7297297297297297,-0.216,0.17567567567567569,-0.376,0.6621621621621622,-0.352,0.6621621621621622,-0.304,0.5540540540540541,-0.08,0.3108108108108108,-0.216,0.7027027027027027,-0.216,0.6756756756756757,-0.184,0.5540540540540541
3,right,0.0,0.0,-0.2524271844660194,0.013513513513513514,-0.44660194174757284,0.12837837837837837,-0.5825242718446602,0.23648648648648649,-0.7184466019417476,0.2905405405405405,-0.3300970873786408,0.27702702702702703,-0.33980582524271846,0.4864864864864865,-0.32038834951456313,0.6283783783783784,-0.30097087378640774,0.7432432432432432,-0.17475728155339806,0.31756756756756754,-0.20388349514563106,0.5540540540540541,-0.22330097087378642,0.7162162162162162,-0.23300970873786409,0.8378378378378378,-0.019417475728155338,0.33783783783783783,-0.07766990291262135,0.5675675675675675,-0.11650485436893204,0.7094594594594594,-0.14563106796116504,0.8108108108108109,0.1262135922330097,0.33783783783783783,0.05825242718446602,0.5067567567567568,0.009708737864077669,0.6148648648648649,-0.04854368932038835,0.6891891891891891
3,right,0.0,0.0,-0.22950819672131148,-0.007142857142857143,-0.47540983606557374,0.10714285714285714,-0.6639344262295082,0.18571428571428572,-0.8114754098360656,0.17142857142857143,-0.4180327868852459,0.20714285714285716,-0.5081967213114754,0.4714285714285714,-0.5327868852459017,0.6142857142857143,-0.5409836065573771,0.7285714285714285,-0.27049180327868855,0.2714285714285714,-0.3770491803278688,0.5571428571428572,-0.4426229508196721,0.7214285714285714,-0.47540983606557374,0.8357142857142857,-0.11475409836065574,0.3142857142857143,-0.21311475409836064,0.5571428571428572,-0.22131147540983606,0.5071428571428571,-0.19672131147540983,0.42142857142857143,0.02459016393442623,0.35714285714285715,-0.06557377049180328,0.5214285714285715,-0.07377049180327869,0.4857142857142857,-0.05737704918032787,0.4142857142857143
3,right,0.0,0.0,-0.1652892561983471,0.14743589743589744,-0.23140495867768596,0.32051282051282054,-0.30578512396694213,0.4551282051282051,-0.3884297520661157,0.5448717948717948,0.024793388429752067,0.3717948717948718,0.15702479338842976,0.6089743589743589,0.2231404958677686,0.7371794871794872,0.2975206611570248,0.8333333333333334,0.19008264462809918,0.3269230769230769,0.2644628099173554,0.5769230769230769,0.2396694214876033,0.6410256410256411,0.2231404958677686,0.6666666666666666,0.32231404958677684,0.27564102564102566,0.36363636363636365,0.5064102564102564,0.2892561983471074,0.5128205128205128,0.23140495867768596,0.46153846153846156,0.4132231404958678,0.22435897435897437,0.4462809917355372,0.4230769230769231,0.38016528925619836,0.4358974358974359,0.33884297520661155,0.3974358974358974
3,right,0.0,0.0,-0.2578125,-0.05405405405405406,-0.5,-0.006756756756756757,-0.703125,0.013513513513513514,-0.84375,-0.02702702702702703,-0.484375,0.16891891891891891,-0.6328125,0.39864864864864863,-0.6953125,0.5337837837837838,-0.734375,0.6418918918918919,-0.3515625,0.2702702702702703,-0.515625,0.5202702702702703,-0.6171875,0.6756756756756757,-0.6875,0.7837837837837838,-0.2265625,0.33783783783783783,-0.375,0.5472972972972973,-0.4765625,0.6554054054054054,-0.5390625,0.7364864864864865,-0.1171875,0.3716216216216216,-0.2578125,0.5135135135135135,-0.3359375,0.5945945945945946,-0.390625,0.6486486486486487
3,right,0.0,0.0,-0.13970588235294118,0.14285714285714285,-0.21323529411764705,0.3105590062111801,-0.3088235294117647,0.422360248447205,-0.4411764705882353,0.45962732919254656,-0.022058823529411766,0.3105590062111801,0.09558823529411764,0.5652173913043478,0.16911764705882354,0.6956521739130435,0.22794117647058823,0.8012422360248447,0.1323529411764706,0.2608695652173913,0.23529411764705882,0.546583850931677,0.3014705882352941,0.7142857142857143,0.34558823529411764,0.8385093167701864,0.25735294117647056,0.2236024844720497,0.33088235294117646,0.4906832298136646,0.33088235294117646,0.6211180124223602,0.3235294117647059,0.6956521739130435,0.35294117647058826,0.20496894409937888,0.39705882352941174,0.422360248447205,0.3897058823529412,0.5217391304347826,0.375,0.5900621118012422
3,right,0.0,0.0,-0.25,-0.013513513513513514,-0.48484848484848486,0.060810810810810814,-0.6818181818181818,0.10810810810810811,-0.8333333333333334,0.08783783783783784,-0.44696969696969696,0.22972972972972974,-0.5681818181818182,0.4391891891891892,-0.6363636363636364,0.581081081081081,-0.6818181818181818,0.6891891891891891,-0.3181818181818182,0.31756756756756754,-0.4621212121212121,0.5540540540540541,-0.553030303030303,0.7094594594594594,-0.6136363636363636,0.8243243243243243,-0.1893939393939394,0.3716216216216216,-0.29545454545454547,0.5945945945945946,-0.3712121212121212,0.7162162162162162,-0.42424242424242425,0.8108108108108109,-0.05303030303030303,0.3918918918918919,-0.13636363636363635,0.5608108108108109,-0.18181818181818182,0.6554054054054054,-0.2196969696969697,0.722972972972973
3,right,0.0,0.0,-0.16551724137931034,0.11242603550295859,-0.2896551724137931,0.25443786982248523,-0.42758620689655175,0.33727810650887574,-0.5586206896551724,0.35502958579881655,-0.11724137931034483,0.2958579881656805,-0.05517241379310345,0.5502958579881657,-0.013793103448275862,0.6863905325443787,0.020689655172413793,0.7928994082840237,0.034482758620689655,0.27218934911242604,0.0896551724137931,0.5562130177514792,0.11724137931034483,0.7159763313609467,0.14482758620689656,0.834319526627219,0.1724137931034483,0.25443786982248523,0.18620689655172415,0.5029585798816568,0.1310344827586207,0.5384615384615384,0.0896551724137931,0.514792899408284,0.27586206896551724,0.24260355029585798,0.27586206896551724,0.4437869822485207,0.23448275862068965,0.4911242603550296,0.20689655172413793,0.4911242603550296
3,right,0.0,0.0,-0.22142857142857142,0.03067484662576687,-0.4357142857142857,0.12269938650306748,-0.6285714285714286,0.15337423312883436,-0.7714285714285715,0.12269938650306748,-0.35,0.2331288343558282,-0.42142857142857143,0.49079754601226994,-0.45714285714285713,0.6257668711656442,-0.4857142857142857,0.7361963190184049,-0.2,0.27607361963190186,-0.29285714285714287,0.5705521472392638,-0.35714285714285715,0.7239263803680982,-0.39285714285714285,0.8404907975460123,-0.05714285714285714,0.3006134969325153,-0.14285714285714285,0.5337423312883436,-0.17142857142857143,0.49079754601226994,-0.15714285714285714,0.4110429447852761,0.07142857142857142,0.31901840490797545,-0.02142857142857143,0.49693251533742333,-0.05,0.4539877300613497,-0.03571428571428571,0.38650306748466257
3,right,0.0,0.0,-0.18439716312056736,0.08139534883720931,-0.3333333333333333,0.21511627906976744,-0.48936170212765956,0.29069767441860467,-0.6312056737588653,0.29069767441860467,-0.19148936170212766,0.27906976744186046,-0.1773049645390071,0.5406976744186046,-0.16312056737588654,0.6744186046511628,-0.15602836879432624,0.7790697674418605,-0.028368794326241134,0.27906976744186046,-0.028368794326241134,0.563953488372093,-0.03546099290780142,0.7209302325581395,-0.028368794326241134,0.8372093023255814,0.10638297872340426,0.27325581395348836,0.06382978723404255,0.5290697674418605,0.0,0.5174418604651163,-0.02127659574468085,0.45348837209302323,0.2127659574468085,0.26744186046511625,0.14893617021276595,0.47093023255813954,0.09219858156028368,0.46511627906976744,0.07092198581560284,0.4186046511627907
3,right,0.0,0.0,-0.23134328358208955,-0.006329113924050633,-0.47761194029850745,0.056962025316455694,-0.6865671641791045,0.08227848101265822,-0.835820895522388,0.03164556962025317,-0.44776119402985076,0.22784810126582278,-0.5671641791044776,0.4620253164556962,-0.6194029850746269,0.6075949367088608,-0.664179104477612,0.7151898734177216,-0.30597014925373134,0.2974683544303797,-0.44029850746268656,0.5632911392405063,-0.5298507462686567,0.7151898734177216,-0.5895522388059702,0.8291139240506329,-0.15671641791044777,0.34177215189873417,-0.26119402985074625,0.5822784810126582,-0.3358208955223881,0.7088607594936709,-0.3805970149253731,0.7974683544303798,-0.022388059701492536,0.36075949367088606,-0.11194029850746269,0.5506329113924051,-0.16417910447761194,0.6455696202531646,-0.208955223880597,0.7151898734177216
3,right,0.0,0.0,-0.17045454545454544,0.05365853658536585,-0.32954545454545453,0.08292682926829269,-0.4583333333333333,0.08292682926829269,-0.5909090909090909,0.04878048780487805,-0.18181818181818182,-0.07317073170731707,-0.16287878787878787,0.3024390243902439,-0.17045454545454544,0.5219512195121951,-0.1856060606060606,0.6878048780487804,-0.011363636363636364,-0.07317073170731707,-0.03787878787878788,0.3463414634146341,-0.07196969696969698,0.5853658536585366,-0.10227272727272728,0.7609756097560976,0.125,-0.04390243902439024,0.0946969696969697,0.33658536585365856,0.03787878787878788,0.551219512195122,-0.007575757575757576,0.697560975609756,0.23863636363636365,0.00975609756097561,0.24242424242424243,0.18048780487804877,0.20454545454545456,0.2780487804878049,0.1553030303030303,0.35609756097560974
3,right,0.0,0.0,-0.21518987341772153,0.013157894736842105,-0.4810126582278481,0.11842105263157894,-0.6835443037974683,0.17105263157894737,-0.8481012658227848,0.11842105263157894,-0.45569620253164556,0.13157894736842105,-0.5189873417721519,0.39473684210526316,-0.5443037974683544,0.5526315789473685,-0.569620253164557,0.6842105263157895,-0.31645569620253167,0.17105263157894737,-0.4050632911392405,0.5131578947368421,-0.46835443037974683,0.6842105263157895,-0.5063291139240507,0.8421052631578947,-0.17721518987341772,0.21052631578947367,-0.27848101265822783,0.5394736842105263,-0.25316455696202533,0.4473684210526316,-0.21518987341772153,0.34210526315789475,-0.05063291139240506,0.2631578947368421,-0.1518987341772152,0.4868421052631579,-0.13924050632911392,0.42105263157894735,-0.11392405063291139,0.32894736842105265
3,right,0.0,0.0,-0.21333333333333335,-0.031746031746031744,-0.49333333333333335,0.0,-0.6933333333333334,0.015873015873015872,-0.84,-0.07936507936507936,-0.5333333333333333,0.0,-0.68,0.2857142857142857,-0.76,0.4603174603174603,-0.8266666666666667,0.6031746031746031,-0.41333333333333333,0.07936507936507936,-0.6,0.4126984126984127,-0.7066666666666667,0.6031746031746031,-0.8,0.7619047619047619,-0.28,0.1746031746031746,-0.41333333333333333,0.5079365079365079,-0.3466666666666667,0.4126984126984127,-0.29333333333333333,0.30158730158730157,-0.14666666666666667,0.2698412698412698,-0.26666666666666666,0.5238095238095238,-0.21333333333333335,0.42857142857142855,-0.16,0.3333333333333333
3,right,0.0,0.0,-0.21428571428571427,0.0,-0.47619047619047616,0.1,-0.6785714285714286,0.15555555555555556,-0.8333333333333334,0.12222222222222222,-0.4880952380952381,0.15555555555555556,-0.5714285714285714,0.4111111111111111,-0.5952380952380952,0.5666666666666667,-0.6190476190476191,0.6888888888888889,-0.36904761904761907,0.2111111111111111,-0.4642857142857143,0.5333333333333333,-0.5238095238095238,0.7,-0.5714285714285714,0.8444444444444444,-0.2261904761904762,0.24444444444444444,-0.2976190476190476,0.5333333333333333,-0.2619047619047619,0.4444444444444444,-0.2261904761904762,0.34444444444444444,-0.07142857142857142,0.28888888888888886,-0.14285714285714285,0.4888888888888889,-0.11904761904761904,0.4111111111111111,-0.09523809523809523,0.32222222222222224
3,right,0.0,0.0,-0.26153846153846155,0.1076923076923077,-0.4,0.3076923076923077,-0.4461538461538462,0.5230769230769231,-0.4,0.676923076923077,-0.2153846153846154,0.24615384615384617,-0.15384615384615385,0.5230769230769231,-0.07692307692307693,0.7076923076923077,-0.03076923076923077,0.8153846153846154,0.0,0.24615384615384617,0.09230769230769231,0.5230769230769231,0.12307692307692308,0.7230769230769231,0.16923076923076924,0.8461538461538461,0.2,0.23076923076923078,0.26153846153846155,0.46153846153846156,0.2923076923076923,0.6461538461538462,0.2923076923076923,0.7692307692307693,0.3384615384615385,0.23076923076923078,0.4,0.4153846153846154,0.4,0.5384615384615384,0.4,0.6153846153846154
3,right,0.0,0.0,-0.19689119170984457,-0.06707317073170732,-0.38341968911917096,-0.11585365853658537,-0.533678756476684,-0.14634146341463414,-0.6735751295336787,-0.20121951219512196,-0.26424870466321243,-0.24390243902439024,-0.31088082901554404,0.11585365853658537,-0.3316062176165803,0.3231707317073171,-0.35233160621761656,0.47560975609756095,-0.09844559585492228,-0.21341463414634146,-0.21761658031088082,0.21341463414634146,-0.2694300518134715,0.4329268292682927,-0.30569948186528495,0.5975609756097561,0.046632124352331605,-0.14634146341463414,-0.07253886010362694,0.25,-0.13471502590673576,0.40853658536585363,-0.17098445595854922,0.5365853658536586,0.16062176165803108,-0.04878048780487805,0.08808290155440414,0.17073170731707318,0.05181347150259067,0.2621951219512195,0.010362694300518135,0.34146341463414637
3,right,0.0,0.0,-0.26865671641791045,0.046632124352331605,-0.5298507462686567,0.15544041450777202,-0.6492537313432836,0.29015544041450775,-0.5373134328358209,0.38341968911917096,-0.41044776119402987,0.21243523316062177,-0.41044776119402987,0.49740932642487046,-0.39552238805970147,0.6476683937823834,-0.3880597014925373,0.7616580310880829,-0.1865671641791045,0.22279792746113988,-0.23134328358208955,0.5440414507772021,-0.26119402985074625,0.7150259067357513,-0.2835820895522388,0.8341968911917098,0.014925373134328358,0.23316062176165803,-0.03731343283582089,0.533678756476684,-0.08955223880597014,0.5129533678756477,-0.11194029850746269,0.44041450777202074,0.1865671641791045,0.24870466321243523,0.1044776119402985,0.47150259067357514,0.03731343283582089,0.47150259067357514,-0.007462686567164179,0.43005181347150256
3,right,0.0,0.0,-0.2246376811594203,0.07407407407407407,-0.4057971014492754,0.2328042328042328,-0.5362318840579711,0.37037037037037035,-0.6811594202898551,0.43386243386243384,-0.37681159420289856,0.25396825396825395,-0.38405797101449274,0.5132275132275133,-0.37681159420289856,0.656084656084656,-0.35507246376811596,0.7724867724867724,-0.1956521739130435,0.26455026455026454,-0.2318840579710145,0.5555555555555556,-0.2391304347826087,0.7195767195767195,-0.2318840579710145,0.8412698412698413,-0.014492753623188406,0.26455026455026454,-0.028985507246376812,0.5343915343915344,-0.057971014492753624,0.4973544973544973,-0.06521739130434782,0.41798941798941797,0.15942028985507245,0.2698412698412698,0.13043478260869565,0.48148148148148145,0.09420289855072464,0.4497354497354497,0.07971014492753623,0.3862433862433862
3,right,0.0,0.0,-0.25,-0.033112582781456956,-0.4930555555555556,0.06622516556291391,-0.6805555555555556,0.1456953642384106,-0.8333333333333334,0.15894039735099338,-0.4930555555555556,0.1986754966887417,-0.5972222222222222,0.4768211920529801,-0.625,0.6423841059602649,-0.6527777777777778,0.7682119205298014,-0.3611111111111111,0.2781456953642384,-0.4652777777777778,0.5629139072847682,-0.5138888888888888,0.7086092715231788,-0.5416666666666666,0.8079470198675497,-0.2152777777777778,0.33112582781456956,-0.3194444444444444,0.5761589403973509,-0.3263888888888889,0.5165562913907285,-0.2986111111111111,0.4304635761589404,-0.0763888888888889,0.37748344370860926,-0.1875,0.5364238410596026,-0.19444444444444445,0.4900662251655629,-0.1736111111111111,0.41721854304635764
3,right,0.0,0.0,-0.24489795918367346,-0.059602649006622516,-0.4965986394557823,0.006622516556291391,-0.6938775510204082,0.052980132450331126,-0.8367346938775511,0.026490066225165563,-0.5238095238095238,0.12582781456953643,-0.6598639455782312,0.39072847682119205,-0.7142857142857143,0.5364238410596026,-0.7551020408163265,0.6556291390728477,-0.40816326530612246,0.2251655629139073,-0.564625850340136,0.5099337748344371,-0.6530612244897959,0.6622516556291391,-0.7142857142857143,0.7814569536423841,-0.2789115646258503,0.304635761589404,-0.4217687074829932,0.543046357615894,-0.4013605442176871,0.48344370860927155,-0.35374149659863946,0.40397350993377484,-0.14965986394557823,0.3708609271523179,-0.2789115646258503,0.543046357615894,-0.272108843537415,0.4966887417218543,-0.24489795918367346,0.423841059602649
3,right,0.0,0.0,-0.21621621621621623,0.07142857142857142,-0.4189189189189189,0.22023809523809523,-0.581081081081081,0.3273809523809524,-0.7364864864864865,0.35119047619047616,-0.3581081081081081,0.24404761904761904,-0.3310810810810811,0.5238095238095238,-0.3108108108108108,0.6845238095238095,-0.28378378378378377,0.7976190476190477,-0.1891891891891892,0.24404761904761904,-0.17567567567567569,0.5535714285714286,-0.17567567567567569,0.7261904761904762,-0.16891891891891891,0.8333333333333334,-0.04054054054054054,0.23809523809523808,-0.02027027027027027,0.5178571428571429,-0.04054054054054054,0.5714285714285714,-0.060810810810810814,0.5714285714285714,0.10135135135135136,0.24404761904761904,0.08783783783783784,0.4642857142857143,0.060810810810810814,0.5119047619047619,0.04054054054054054,0.5119047619047619
3,right,0.0,0.0,-0.13333333333333333,0.15950920245398773,-0.22,0.3496932515337423,-0.31333333333333335,0.49079754601226994,-0.4266666666666667,0.558282208588957,-0.06666666666666667,0.3128834355828221,0.06666666666666667,0.5766871165644172,0.14666666666666667,0.7177914110429447,0.21333333333333335,0.8220858895705522,0.08666666666666667,0.25153374233128833,0.22666666666666666,0.5521472392638037,0.3,0.7239263803680982,0.35333333333333333,0.8404907975460123,0.21333333333333335,0.20245398773006135,0.34,0.48466257668711654,0.32666666666666666,0.5766871165644172,0.29333333333333333,0.5950920245398773,0.31333333333333335,0.15950920245398773,0.41333333333333333,0.39263803680981596,0.4,0.49079754601226994,0.36666666666666664,0.5398773006134969
3,right,0.0,0.0,-0.20408163265306123,0.05732484076433121,-0.41496598639455784,0.21019108280254778,-0.5918367346938775,0.28662420382165604,-0.7346938775510204,0.28662420382165604,-0.3401360544217687,0.21019108280254778,-0.36054421768707484,0.4968152866242038,-0.36054421768707484,0.6496815286624203,-0.36054421768707484,0.7707006369426752,-0.1836734693877551,0.21656050955414013,-0.22448979591836735,0.5414012738853503,-0.24489795918367346,0.7070063694267515,-0.2585034013605442,0.8343949044585988,-0.034013605442176874,0.2229299363057325,-0.06802721088435375,0.5286624203821656,-0.09523809523809523,0.47770700636942676,-0.09523809523809523,0.3821656050955414,0.10204081632653061,0.24203821656050956,0.04081632653061224,0.45222929936305734,0.0,0.42038216560509556,-0.013605442176870748,0.34394904458598724
4,right,0.0,0.0,0.20353982300884957,-0.17647058823529413,0.3185840707964602,-0.4117647058823529,0.40707964601769914,-0.5980392156862745,0.5132743362831859,-0.696078431372549,0.1504424778761062,-0.6764705882352942,0.05309734513274336,-0.8431372549019608,0.035398230088495575,-0.7450980392156863,0.061946902654867256,-0.6470588235294118,-0.017699115044247787,-0.6568627450980392,-0.08849557522123894,-0.803921568627451,-0.08849557522123894,-0.7058823529411765,-0.061946902654867256,-0.6176470588235294,-0.168141592920354,-0.5980392156862745,-0.21238938053097345,-0.7450980392156863,-0.21238938053097345,-0.6568627450980392,-0.18584070796460178,-0.5588235294117647,-0.3008849557522124,-0.5098039215686274,-0.3274336283185841,-0.6372549019607843,-0.30973451327433627,-0.5686274509803921,-0.2831858407079646,-0.49019607843137253
4,right,0.0,0.0,0.24761904761904763,-0.0898876404494382,0.42857142857142855,-0.2247191011235955,0.6,-0.29213483146067415,0.7238095238095238,-0.2696629213483146,0.3619047619047619,-0.6179775280898876,0.37142857142857144,-0.7865168539325843,0.3333333333333333,-0.7078651685393258,0.3142857142857143,-0.6067415730337079,0.19047619047619047,-0.6853932584269663,0.22857142857142856,-0.8314606741573034,0.2,-0.7415730337078652,0.18095238095238095,-0.651685393258427,0.02857142857142857,-0.6966292134831461,0.0761904761904762,-0.8426966292134831,0.05714285714285714,-0.7528089887640449,0.0380952380952381,-0.651685393258427,-0.12380952380952381,-0.6629213483146067,-0.08571428571428572,-0.8089887640449438,-0.0761904761904762,-0.7303370786516854,-0.08571428571428572,-0.6404494382022472
4,right,0.0,0.0,0.2625,-0.043478260869565216,0.4375,-0.14492753623188406,0.6125,-0.08695652173913043,0.7375,0.043478260869565216,0.525,-0.6521739130434783,0.3625,-0.7246376811594203,0.2875,-0.5797101449275363,0.2875,-0.4492753623188406,0.35,-0.782608695652174,0.225,-0.7971014492753623,0.1625,-0.6521739130434783,0.1625,-0.5217391304347826,0.15,-0.8115942028985508,0.075,-0.8115942028985508,0.0375,-0.6956521739130435,0.05,-0.5652173913043478,-0.0375,-0.8115942028985508,-0.0875,-0.7971014492753623,-0.1125,-0.6666666666666666,-0.1,-0.5652173913043478
4,right,0.0,0.0,0.17886178861788618,-0.18269230769230768,0.2682926829268293,-0.40384615384615385,0.36585365853658536,-0.5576923076923077,0.4796747967479675,-0.6153846153846154,0.0975609756097561,-0.7019230769230769,0.024390243902439025,-0.8461538461538461,0.016260162601626018,-0.7403846153846154,0.032520325203252036,-0.6442307692307693,-0.06504065040650407,-0.6826923076923077,-0.11382113821138211,-0.8076923076923077,-0.11382113821138211,-0.7019230769230769,-0.08130081300813008,-0.6153846153846154,-0.21138211382113822,-0.6057692307692307,-0.23577235772357724,-0.7211538461538461,-0.22764227642276422,-0.6346153846153846,-0.2032520325203252,-0.5480769230769231,-0.34146341463414637,-0.5096153846153846,-0.35772357723577236,-0.6057692307692307,-0.3333333333333333,-0.5384615384615384,-0.2926829268292683,-0.47115384615384615
4,right,0.0,0.0,0.10344827586206896,-0.2534246575342466,0.0896551724137931,-0.5,0.1103448275862069,-0.7123287671232876,0.20689655172413793,-0.8356164383561644,-0.16551724137931034,-0.6232876712328768,-0.3103448275862069,-0.7602739726027398,-0.27586206896551724,-0.684931506849315,-0.20689655172413793,-0.6027397260273972,-0.3310344827586207,-0.5205479452054794,-0.4413793103448276,-0.6575342465753424,-0.3793103448275862,-0.5821917808219178,-0.31724137931034485,-0.5068493150684932,-0.45517241379310347,-0.3972602739726027,-0.5586206896551724,-0.5342465753424658,-0.503448275862069,-0.4794520547945205,-0.43448275862068964,-0.4041095890410959,-0.5379310344827586,-0.2602739726027397,-0.6275862068965518,-0.363013698630137,-0.5724137931034483,-0.3287671232876712,-0.5241379310344828,-0.2876712328767123
4,right,0.0,0.0,0.1724137931034483,-0.20454545454545456,0.2413793103448276,-0.4318181818181818,0.32413793103448274,-0.6060606060606061,0.4482758620689655,-0.6742424242424242,0.07586206896551724,-0.6515151515151515,-0.006896551724137931,-0.8333333333333334,-0.020689655172413793,-0.7424242424242424,0.0,-0.6515151515151515,-0.08275862068965517,-0.6212121212121212,-0.14482758620689656,-0.7878787878787878,-0.13793103448275862,-0.6893939393939394,-0.1103448275862069,-0.6060606060606061,-0.2206896551724138,-0.5454545454545454,-0.2620689655172414,-0.7045454545454546,-0.25517241379310346,-0.6287878787878788,-0.22758620689655173,-0.5378787878787878,-0.3448275862068966,-0.45454545454545453,-0.38620689655172413,-0.5909090909090909,-0.3586206896551724,-0.5303030303030303,-0.32413793103448274,-0.4621212121212121
4,right,0.0,0.0,0.18,-0.2,0.25,-0.391304347826087,0.31,-0.5391304347826087,0.41,-0.591304347826087,0.15,-0.6695652173913044,0.0,-0.8434782608695652,-0.04,-0.7478260869565218,-0.01,-0.6608695652173913,-0.01,-0.6521739130434783,-0.17,-0.808695652173913,-0.2,-0.7043478260869566,-0.15,-0.6260869565217392,-0.19,-0.591304347826087,-0.31,-0.7478260869565218,-0.33,-0.6434782608695652,-0.29,-0.5652173913043478,-0.35,-0.4956521739130435,-0.43,-0.6521739130434783,-0.43,-0.5652173913043478,-0.39,-0.4782608695652174
4,right,0.0,0.0,0.20967741935483872,-0.15384615384615385,0.3225806451612903,-0.36538461538461536,0.3951612903225806,-0.5576923076923077,0.5,-0.6442307692307693,0.1532258064516129,-0.7115384615384616,0.04838709677419355,-0.8461538461538461,0.016129032258064516,-0.7403846153846154,0.04032258064516129,-0.6346153846153846,-0.008064516129032258,-0.7115384615384616,-0.0967741935483871,-0.8269230769230769,-0.11290322580645161,-0.7019230769230769,-0.08064516129032258,-0.6153846153846154,-0.16129032258064516,-0.6634615384615384,-0.21774193548387097,-0.7980769230769231,-0.22580645161290322,-0.6826923076923077,-0.1935483870967742,-0.5865384615384616,-0.2903225806451613,-0.5673076923076923,-0.3387096774193548,-0.7019230769230769,-0.3225806451612903,-0.6057692307692307,-0.2903225806451613,-0.5192307692307693
4,right,0.0,0.0,0.225,-0.13636363636363635,0.35,-0.3181818181818182,0.4583333333333333,-0.4727272727272727,0.575,-0.5363636363636364,0.24166666666666667,-0.6545454545454545,0.15,-0.8363636363636363,0.11666666666666667,-0.7363636363636363,0.125,-0.6363636363636364,0.075,-0.6818181818181818,0.008333333333333333,-0.8363636363636363,-0.025,-0.7363636363636363,-0.008333333333333333,-0.6363636363636364,-0.08333333333333333,-0.6545454545454545,-0.13333333333333333,-0.8272727272727273,-0.15,-0.7272727272727273,-0.13333333333333333,-0.6272727272727273,-0.23333333333333334,-0.5909090909090909,-0.25833333333333336,-0.7545454545454545,-0.25833333333333336,-0.6636363636363637,-0.24166666666666667,-0.5727272727272728
4,right,0.0,0.0,0.27450980392156865,-0.0594059405940594,0.45098039215686275,-0.19801980198019803,0.5784313725490197,-0.3069306930693069,0.7058823529411765,-0.33663366336633666,0.4019607843137255,-0.6138613861386139,0.3333333333333333,-0.7623762376237624,0.27450980392156865,-0.6732673267326733,0.2647058823529412,-0.5841584158415841,0.22549019607843138,-0.693069306930693,0.16666666666666666,-0.801980198019802,0.10784313725490197,-0.7128712871287128,0.10784313725490197,-0.6138613861386139,0.0392156862745098,-0.7029702970297029,0.029411764705882353,-0.8415841584158416,-0.00980392156862745,-0.7425742574257426,-0.0196078431372549,-0.6435643564356436,-0.12745098039215685,-0.6633663366336634,-0.11764705882352941,-0.8118811881188119,-0.13725490196078433,-0.7227722772277227,-0.13725490196078433,-0.6237623762376238
4,right,0.0,0.0,0.2,-0.17307692307692307,0.30833333333333335,-0.40384615384615385,0.4,-0.6057692307692307,0.5083333333333333,-0.7115384615384616,0.08333333333333333,-0.6730769230769231,0.075,-0.8461538461538461,0.08333333333333333,-0.75,0.09166666666666666,-0.6442307692307693,-0.075,-0.6634615384615384,-0.06666666666666667,-0.8269230769230769,-0.041666666666666664,-0.7403846153846154,-0.03333333333333333,-0.6442307692307693,-0.20833333333333334,-0.6057692307692307,-0.20833333333333334,-0.7884615384615384,-0.175,-0.7115384615384616,-0.15833333333333333,-0.6057692307692307,-0.31666666666666665,-0.5192307692307693,-0.325,-0.6634615384615384,-0.2833333333333333,-0.6057692307692307,-0.25833333333333336,-0.5192307692307693
4,right,0.0,0.0,0.12345679012345678,-0.24050632911392406,0.14814814814814814,-0.4810126582278481,0.16049382716049382,-0.6962025316455697,0.24691358024691357,-0.8227848101265823,-0.08641975308641975,-0.7215189873417721,-0.2839506172839506,-0.8481012658227848,-0.2962962962962963,-0.7468354430379747,-0.2345679012345679,-0.6582278481012658,-0.2345679012345679,-0.6582278481012658,-0.41975308641975306,-0.7848101265822784,-0.4074074074074074,-0.6708860759493671,-0.345679012345679,-0.5949367088607594,-0.37037037037037035,-0.5569620253164557,-0.5308641975308642,-0.6835443037974683,-0.5061728395061729,-0.5949367088607594,-0.4444444444444444,-0.5189873417721519,-0.48148148148148145,-0.4430379746835443,-0.6049382716049383,-0.5443037974683544,-0.5802469135802469,-0.46835443037974683,-0.5185185185185185,-0.4050632911392405
4,right,0.0,0.0,0.17204301075268819,-0.18421052631578946,0.24731182795698925,-0.40789473684210525,0.3118279569892473,-0.5921052631578947,0.41935483870967744,-0.6842105263157895,0.043010752688172046,-0.7763157894736842,-0.07526881720430108,-0.8421052631578947,-0.08602150537634409,-0.7236842105263158,-0.053763440860215055,-0.618421052631579,-0.11827956989247312,-0.7631578947368421,-0.20430107526881722,-0.8026315789473685,-0.20430107526881722,-0.6710526315789473,-0.16129032258064516,-0.5921052631578947,-0.25806451612903225,-0.6842105263157895,-0.3225806451612903,-0.7763157894736842,-0.3118279569892473,-0.6578947368421053,-0.26881720430107525,-0.5526315789473685,-0.3763440860215054,-0.5789473684210527,-0.43010752688172044,-0.6710526315789473,-0.40860215053763443,-0.5657894736842105,-0.3655913978494624,-0.4868421052631579
4,right,0.0,0.0,0.1891891891891892,-0.17857142857142858,0.24324324324324326,-0.36904761904761907,0.2702702702702703,-0.5119047619047619,0.33783783783783783,-0.5714285714285714,0.17567567567567569,-0.6904761904761905,-0.12162162162162163,-0.8333333333333334,-0.20270270270270271,-0.7142857142857143,-0.17567567567567569,-0.6309523809523809,0.04054054054054054,-0.7142857142857143,-0.28378378378378377,-0.8333333333333334,-0.32432432432432434,-0.7023809523809523,-0.25675675675675674,-0.6190476190476191,-0.12162162162162163,-0.6666666666666666,-0.4189189189189189,-0.8095238095238095,-0.44594594594594594,-0.6785714285714286,-0.36486486486486486,-0.5952380952380952,-0.2972972972972973,-0.5833333333333334,-0.5,-0.7023809523809523,-0.5,-0.5833333333333334,-0.43243243243243246,-0.5
4,right,0.0,0.0,0.24778761061946902,-0.14432989690721648,0.39823008849557523,-0.3402061855670103,0.5132743362831859,-0.5257731958762887,0.6371681415929203,-0.6185567010309279,0.168141592920354,-0.7010309278350515,0.26548672566371684,-0.8350515463917526,0.2831858407079646,-0.711340206185567,0.25663716814159293,-0.6185567010309279,0.008849557522123894,-0.711340206185567,0.13274336283185842,-0.8247422680412371,0.168141592920354,-0.7216494845360825,0.1504424778761062,-0.6288659793814433,-0.11504424778761062,-0.6701030927835051,0.0,-0.7938144329896907,0.04424778761061947,-0.7010309278350515,0.02654867256637168,-0.6082474226804123,-0.20353982300884957,-0.5979381443298969,-0.11504424778761062,-0.711340206185567,-0.07964601769911504,-0.6494845360824743,-0.08849557522123894,-0.5773195876288659
4,right,0.0,0.0,0.25,-0.1553398058252427,0.38333333333333336,-0.36893203883495146,0.49166666666666664,-0.5631067961165048,0.6166666666666667,-0.6601941747572816,0.14166666666666666,-0.7184466019417476,0.2916666666666667,-0.8446601941747572,0.325,-0.7087378640776699,0.2916666666666667,-0.6116504854368932,-0.025,-0.7184466019417476,0.15833333333333333,-0.8252427184466019,0.20833333333333334,-0.7087378640776699,0.2,-0.6213592233009708,-0.14166666666666666,-0.6407766990291263,0.016666666666666666,-0.7572815533980582,0.08333333333333333,-0.6699029126213593,0.075,-0.5825242718446602,-0.21666666666666667,-0.5631067961165048,-0.1,-0.6601941747572816,-0.041666666666666664,-0.6116504854368932,-0.03333333333333333,-0.5436893203883495
4,right,0.0,0.0,0.1891891891891892,-0.21100917431192662,0.2882882882882883,-0.43119266055045874,0.35135135135135137,-0.6330275229357798,0.44144144144144143,-0.7614678899082569,-0.009009009009009009,-0.6330275229357798,-0.018018018018018018,-0.8348623853211009,0.036036036036036036,-0.7431192660550459,0.06306306306306306,-0.6513761467889908,-0.18018018018018017,-0.6055045871559633,-0.14414414414414414,-0.7981651376146789,-0.08108108108108109,-0.7247706422018348,-0.07207207207207207,-0.6330275229357798,-0.3063063063063063,-0.5412844036697247,-0.27927927927927926,-0.7247706422018348,-0.21621621621621623,-0.6697247706422018,-0.1981981981981982,-0.5871559633027523,-0.3963963963963964,-0.46788990825688076,-0.3963963963963964,-0.6330275229357798,-0.34234234234234234,-0.6238532110091743,-0.32432432432432434,-0.5779816513761468
4,right,0.0,0.0,0.16964285714285715,-0.21359223300970873,0.22321428571428573,-0.44660194174757284,0.26785714285714285,-0.6504854368932039,0.3392857142857143,-0.7572815533980582,-0.008928571428571428,-0.7184466019417476,-0.125,-0.8446601941747572,-0.13392857142857142,-0.7378640776699029,-0.10714285714285714,-0.6504854368932039,-0.16071428571428573,-0.6796116504854369,-0.25892857142857145,-0.7864077669902912,-0.25892857142857145,-0.6893203883495146,-0.22321428571428573,-0.6116504854368932,-0.30357142857142855,-0.5922330097087378,-0.375,-0.7184466019417476,-0.36607142857142855,-0.6310679611650486,-0.32142857142857145,-0.5436893203883495,-0.4107142857142857,-0.47572815533980584,-0.5,-0.6019417475728155,-0.4732142857142857,-0.5339805825242718,-0.42857142857142855,-0.4563106796116505
4,right,0.0,0.0,0.1794871794871795,-0.18478260869565216,0.2905982905982906,-0.391304347826087,0.37606837606837606,-0.5760869565217391,0.49572649572649574,-0.6630434782608695,0.11965811965811966,-0.7934782608695652,0.008547008547008548,-0.8478260869565217,-0.008547008547008548,-0.7065217391304348,0.017094017094017096,-0.5978260869565217,-0.03418803418803419,-0.7934782608695652,-0.11965811965811966,-0.782608695652174,-0.11965811965811966,-0.6630434782608695,-0.07692307692307693,-0.5760869565217391,-0.17094017094017094,-0.7282608695652174,-0.2222222222222222,-0.7282608695652174,-0.2222222222222222,-0.6195652173913043,-0.1794871794871795,-0.532608695652174,-0.2905982905982906,-0.6413043478260869,-0.3504273504273504,-0.6847826086956522,-0.3418803418803419,-0.5869565217391305,-0.29914529914529914,-0.5
4,right,0.0,0.0,0.1836734693877551,-0.2054794520547945,0.23469387755102042,-0.4383561643835616,0.2653061224489796,-0.6164383561643836,0.3469387755102041,-0.7123287671232876,0.05102040816326531,-0.8356164383561644,-0.07142857142857142,-0.7808219178082192,-0.08163265306122448,-0.6438356164383562,-0.05102040816326531,-0.5616438356164384,-0.11224489795918367,-0.8356164383561644,-0.22448979591836735,-0.7534246575342466,-0.22448979591836735,-0.6164383561643836,-0.17346938775510204,-0.5205479452054794,-0.2653061224489796,-0.7534246575342466,-0.3469387755102041,-0.684931506849315,-0.336734693877551,-0.547945205479452,-0.2857142857142857,-0.4657534246575342,-0.3979591836734694,-0.6438356164383562,-0.4897959183673469,-0.6027397260273972,-0.47959183673469385,-0.4931506849315068,-0.42857142857142855,-0.410958904109589
4,right,0.0,0.0,0.1926605504587156,-0.16161616161616163,0.29357798165137616,-0.3838383838383838,0.3577981651376147,-0.5757575757575758,0.45871559633027525,-0.696969696969697,0.12844036697247707,-0.6767676767676768,0.027522935779816515,-0.8383838383838383,-0.01834862385321101,-0.7474747474747475,0.009174311926605505,-0.6363636363636364,-0.027522935779816515,-0.6666666666666666,-0.12844036697247707,-0.8181818181818182,-0.13761467889908258,-0.7070707070707071,-0.11009174311926606,-0.6161616161616161,-0.1834862385321101,-0.6060606060606061,-0.24770642201834864,-0.7676767676767676,-0.25688073394495414,-0.6666666666666666,-0.22935779816513763,-0.5757575757575758,-0.3211009174311927,-0.5151515151515151,-0.3761467889908257,-0.6767676767676768,-0.3761467889908257,-0.5959595959595959,-0.3394495412844037,-0.5151515151515151
4,right,0.0,0.0,0.22413793103448276,-0.12844036697247707,0.35344827586206895,-0.3394495412844037,0.46551724137931033,-0.5321100917431193,0.5775862068965517,-0.6513761467889908,0.1724137931034483,-0.5596330275229358,0.1810344827586207,-0.8256880733944955,0.1810344827586207,-0.7247706422018348,0.1896551724137931,-0.6146788990825688,0.008620689655172414,-0.5779816513761468,0.02586206896551724,-0.8348623853211009,0.05172413793103448,-0.7339449541284404,0.05172413793103448,-0.6330275229357798,-0.14655172413793102,-0.5596330275229358,-0.1206896551724138,-0.7981651376146789,-0.09482758620689655,-0.7155963302752294,-0.09482758620689655,-0.6146788990825688,-0.2672413793103448,-0.5045871559633027,-0.25862068965517243,-0.7064220183486238,-0.23275862068965517,-0.6422018348623854,-0.22413793103448276,-0.5596330275229358
4,right,0.0,0.0,0.24806201550387597,-0.08771929824561403,0.43410852713178294,-0.2543859649122807,0.5891472868217055,-0.38596491228070173,0.7131782945736435,-0.41228070175438597,0.31007751937984496,-0.5175438596491229,0.37209302325581395,-0.7719298245614035,0.3488372093023256,-0.6754385964912281,0.3178294573643411,-0.5701754385964912,0.14728682170542637,-0.5877192982456141,0.23255813953488372,-0.8333333333333334,0.2248062015503876,-0.7368421052631579,0.20155038759689922,-0.6403508771929824,0.0,-0.6052631578947368,0.08527131782945736,-0.8421052631578947,0.09302325581395349,-0.7543859649122807,0.06976744186046512,-0.6578947368421053,-0.13178294573643412,-0.5964912280701754,-0.06201550387596899,-0.8070175438596491,-0.046511627906976744,-0.7368421052631579,-0.05426356589147287,-0.6578947368421053
4,right,0.0,0.0,0.1885245901639344,-0.19130434782608696,0.28688524590163933,-0.4434782608695652,0.38524590163934425,-0.6260869565217392,0.5,-0.7043478260869566,0.1557377049180328,-0.6173913043478261,0.07377049180327869,-0.8434782608695652,0.040983606557377046,-0.7565217391304347,0.05737704918032787,-0.6434782608695652,-0.00819672131147541,-0.6,-0.07377049180327869,-0.8347826086956521,-0.09016393442622951,-0.7391304347826086,-0.06557377049180328,-0.6347826086956522,-0.1557377049180328,-0.5565217391304348,-0.22131147540983606,-0.7739130434782608,-0.21311475409836064,-0.6869565217391305,-0.18032786885245902,-0.591304347826087,-0.29508196721311475,-0.4782608695652174,-0.3360655737704918,-0.6608695652173913,-0.319672131147541,-0.6,-0.28688524590163933,-0.5130434782608696
4,right,0.0,0.0,0.1717171717171717,-0.1590909090909091,0.23232323232323232,-0.42045454545454547,0.2727272727272727,-0.625,0.3434343434343434,-0.7613636363636364,0.06060606060606061,-0.6590909090909091,-0.1111111111111111,-0.8409090909090909,-0.1414141414141414,-0.75,-0.09090909090909091,-0.6590909090909091,-0.09090909090909091,-0.6136363636363636,-0.26262626262626265,-0.7954545454545454,-0.2828282828282828,-0.6931818181818182,-0.23232323232323232,-0.6136363636363636,-0.25252525252525254,-0.5340909090909091,-0.3939393939393939,-0.7159090909090909,-0.3939393939393939,-0.625,-0.3434343434343434,-0.5340909090909091,-0.3838383838383838,-0.42045454545454547,-0.494949494949495,-0.5795454545454546,-0.48484848484848486,-0.5113636363636364,-0.43434343434343436,-0.4431818181818182
4,right,0.0,0.0,0.2403846153846154,-0.125,0.36538461538461536,-0.3181818181818182,0.46153846153846156,-0.48863636363636365,0.5769230769230769,-0.5681818181818182,0.22115384615384615,-0.7159090909090909,0.17307692307692307,-0.8409090909090909,0.15384615384615385,-0.7386363636363636,0.16346153846153846,-0.6363636363636364,0.038461538461538464,-0.7386363636363636,0.019230769230769232,-0.8409090909090909,0.009615384615384616,-0.7272727272727273,0.019230769230769232,-0.6363636363636364,-0.125,-0.7045454545454546,-0.10576923076923077,-0.8295454545454546,-0.11538461538461539,-0.7386363636363636,-0.11538461538461539,-0.6363636363636364,-0.2692307692307692,-0.625,-0.25961538461538464,-0.7727272727272727,-0.25,-0.7045454545454546,-0.2403846153846154,-0.6136363636363636
4,right,0.0,0.0,0.25,-0.022988505747126436,0.4270833333333333,-0.12643678160919541,0.5625,-0.19540229885057472,0.6770833333333334,-0.21839080459770116,0.4479166666666667,-0.5402298850574713,0.34375,-0.6436781609195402,0.23958333333333334,-0.5747126436781609,0.20833333333333334,-0.4827586206896552,0.3125,-0.6551724137931034,0.20833333333333334,-0.7471264367816092,0.11458333333333333,-0.6781609195402298,0.09375,-0.5862068965517241,0.15625,-0.7011494252873564,0.08333333333333333,-0.8275862068965517,-0.010416666666666666,-0.7701149425287356,-0.041666666666666664,-0.6781609195402298,-0.010416666666666666,-0.7011494252873564,-0.041666666666666664,-0.8390804597701149,-0.11458333333333333,-0.8160919540229885,-0.15625,-0.7586206896551724

