1,right,0.0,0.0,-0.25,-0.046632124352331605,-0.49038461538461536,-0.14507772020725387,-0.625,-0.24870466321243523,-0.5480769230769231,-0.3316062176165803,-0.4423076923076923,-0.44559585492227977,-0.5288461538461539,-0.6217616580310881,-0.5961538461538461,-0.7409326424870466,-0.6057692307692307,-0.8341968911917098,-0.21153846153846154,-0.44559585492227977,-0.38461538461538464,-0.5284974093264249,-0.40384615384615385,-0.3471502590673575,-0.34615384615384615,-0.29015544041450775,0.019230769230769232,-0.41450777202072536,-0.16346153846153846,-0.43523316062176165,-0.21153846153846154,-0.27979274611398963,-0.15384615384615385,-0.24870466321243523,0.22115384615384615,-0.3471502590673575,0.057692307692307696,-0.35751295336787564,-0.038461538461538464,-0.25906735751295334,-0.028846153846153848,-0.22797927461139897
1,right,0.0,0.0,-0.2909090909090909,-0.045454545454545456,-0.5363636363636364,-0.15151515151515152,-0.7,-0.23737373737373738,-0.6636363636363637,-0.3181818181818182,-0.43636363636363634,-0.45454545454545453,-0.5545454545454546,-0.6262626262626263,-0.6272727272727273,-0.7424242424242424,-0.6454545454545455,-0.8383838383838383,-0.22727272727272727,-0.46464646464646464,-0.509090909090909,-0.5050505050505051,-0.5272727272727272,-0.3282828282828283,-0.43636363636363634,-0.2727272727272727,-0.02727272727272727,-0.4292929292929293,-0.3181818181818182,-0.40404040404040403,-0.34545454545454546,-0.25757575757575757,-0.2545454545454545,-0.23232323232323232,0.13636363636363635,-0.35858585858585856,-0.11818181818181818,-0.3181818181818182,-0.18181818181818182,-0.2222222222222222,-0.10909090909090909,-0.20202020202020202
1,right,0.0,0.0,-0.25663716814159293,-0.055299539170506916,-0.4778761061946903,-0.16589861751152074,-0.6106194690265486,-0.25806451612903225,-0.5663716814159292,-0.3456221198156682,-0.3893805309734513,-0.4423963133640553,-0.48672566371681414,-0.6267281105990783,-0.5575221238938053,-0.7419354838709677,-0.5663716814159292,-0.8341013824884793,-0.17699115044247787,-0.43317972350230416,-0.3274336283185841,-0.5576036866359447,-0.40707964601769914,-0.3870967741935484,-0.3805309734513274,-0.30414746543778803,0.035398230088495575,-0.391705069124424,-0.13274336283185842,-0.45161290322580644,-0.23008849557522124,-0.30414746543778803,-0.20353982300884957,-0.24423963133640553,0.23008849557522124,-0.31797235023041476,0.07079646017699115,-0.3640552995391705,-0.05309734513274336,-0.2672811059907834,-0.05309734513274336,-0.22580645161290322
1,right,0.0,0.0,-0.26495726495726496,-0.07042253521126761,-0.4700854700854701,-0.18309859154929578,-0.6239316239316239,-0.26291079812206575,-0.5982905982905983,-0.323943661971831,-0.3076923076923077,-0.4647887323943662,-0.41025641025641024,-0.6338028169014085,-0.4700854700854701,-0.7464788732394366,-0.48717948717948717,-0.8403755868544601,-0.1111111111111111,-0.45539906103286387,-0.36752136752136755,-0.5258215962441315,-0.46153846153846156,-0.3568075117370892,-0.41025641025641024,-0.28169014084507044,0.07692307692307693,-0.40375586854460094,-0.20512820512820512,-0.4084507042253521,-0.2905982905982906,-0.27230046948356806,-0.23931623931623933,-0.2300469483568075,0.2222222222222222,-0.3145539906103286,-0.02564102564102564,-0.3145539906103286,-0.15384615384615385,-0.2347417840375587,-0.13675213675213677,-0.19718309859154928
1,right,0.0,0.0,-0.23423423423423423,-0.055,-0.45045045045045046,-0.155,-0.5855855855855856,-0.24,-0.5495495495495496,-0.325,-0.3783783783783784,-0.445,-0.4954954954954955,-0.63,-0.5585585585585585,-0.745,-0.5855855855855856,-0.84,-0.16216216216216217,-0.445,-0.32432432432432434,-0.545,-0.38738738738738737,-0.37,-0.36036036036036034,-0.285,0.06306306306306306,-0.405,-0.11711711711711711,-0.44,-0.2072072072072072,-0.29,-0.1981981981981982,-0.235,0.25225225225225223,-0.325,0.09009009009009009,-0.35,-0.04504504504504504,-0.26,-0.07207207207207207,-0.215
1,right,0.0,0.0,-0.23684210526315788,-0.053475935828877004,-0.43859649122807015,-0.1711229946524064,-0.5087719298245614,-0.29411764705882354,-0.4473684210526316,-0.4117647058823529,-0.4298245614035088,-0.4385026737967914,-0.5526315789473685,-0.6203208556149733,-0.6140350877192983,-0.7379679144385026,-0.6491228070175439,-0.839572192513369,-0.21929824561403508,-0.44919786096256686,-0.2894736842105263,-0.6042780748663101,-0.32456140350877194,-0.44385026737967914,-0.3333333333333333,-0.3422459893048128,-0.008771929824561403,-0.4117647058823529,-0.07017543859649122,-0.5133689839572193,-0.14912280701754385,-0.35294117647058826,-0.18421052631578946,-0.2727272727272727,0.19298245614035087,-0.34759358288770054,0.12280701754385964,-0.42780748663101603,0.017543859649122806,-0.32620320855614976,-0.02631578947368421,-0.2620320855614973
1,right,0.0,0.0,-0.2857142857142857,-0.06060606060606061,-0.4897959183673469,-0.17676767676767677,-0.5816326530612245,-0.2878787878787879,-0.5,-0.3888888888888889,-0.41836734693877553,-0.43434343434343436,-0.46938775510204084,-0.6212121212121212,-0.47959183673469385,-0.7424242424242424,-0.4489795918367347,-0.8383838383838383,-0.19387755102040816,-0.41919191919191917,-0.2653061224489796,-0.5707070707070707,-0.336734693877551,-0.4090909090909091,-0.3469387755102041,-0.3181818181818182,0.030612244897959183,-0.3787878787878788,-0.05102040816326531,-0.4696969696969697,-0.14285714285714285,-0.3181818181818182,-0.15306122448979592,-0.2474747474747475,0.25510204081632654,-0.31313131313131315,0.16326530612244897,-0.3888888888888889,0.030612244897959183,-0.29292929292929293,0.0,-0.23737373737373738
1,right,0.0,0.0,-0.27722772277227725,-0.06091370558375635,-0.504950495049505,-0.18274111675126903,-0.6435643564356436,-0.27411167512690354,-0.6237623762376238,-0.3604060913705584,-0.3564356435643564,-0.4517766497461929,-0.43564356435643564,-0.6345177664974619,-0.48514851485148514,-0.7461928934010152,-0.4752475247524752,-0.8375634517766497,-0.1782178217821782,-0.4365482233502538,-0.37623762376237624,-0.5634517766497462,-0.46534653465346537,-0.39593908629441626,-0.42574257425742573,-0.30456852791878175,0.019801980198019802,-0.39593908629441626,-0.18811881188118812,-0.4720812182741117,-0.2871287128712871,-0.3197969543147208,-0.2376237623762376,-0.24873096446700507,0.19801980198019803,-0.3197969543147208,0.009900990099009901,-0.38578680203045684,-0.13861386138613863,-0.29949238578680204,-0.13861386138613863,-0.2436548223350254
1,right,0.0,0.0,-0.34615384615384615,-0.07142857142857142,-0.5865384615384616,-0.18681318681318682,-0.7596153846153846,-0.26373626373626374,-0.8461538461538461,-0.3626373626373626,-0.36538461538461536,-0.4945054945054945,-0.5096153846153846,-0.6483516483516484,-0.6057692307692307,-0.7417582417582418,-0.6442307692307693,-0.8351648351648352,-0.2403846153846154,-0.4945054945054945,-0.6442307692307693,-0.5659340659340659,-0.7307692307692307,-0.3956043956043956,-0.6442307692307693,-0.32967032967032966,-0.15384615384615385,-0.45604395604395603,-0.5576923076923077,-0.47802197802197804,-0.6057692307692307,-0.33516483516483514,-0.5,-0.29120879120879123,-0.08653846153846154,-0.3791208791208791,-0.4326923076923077,-0.4175824175824176,-0.5192307692307693,-0.31868131868131866,-0.4326923076923077,-0.26373626373626374
1,right,0.0,0.0,-0.23275862068965517,-0.022857142857142857,-0.47413793103448276,-0.12,-0.6293103448275862,-0.21714285714285714,-0.6293103448275862,-0.33714285714285713,-0.5258620689655172,-0.42857142857142855,-0.6637931034482759,-0.6171428571428571,-0.7672413793103449,-0.7371428571428571,-0.8017241379310345,-0.84,-0.35344827586206895,-0.44571428571428573,-0.5086206896551724,-0.5771428571428572,-0.5,-0.3942857142857143,-0.4482758620689655,-0.32,-0.15517241379310345,-0.42857142857142855,-0.29310344827586204,-0.5085714285714286,-0.3103448275862069,-0.33714285714285713,-0.27586206896551724,-0.2742857142857143,0.04310344827586207,-0.37142857142857144,-0.09482758620689655,-0.44571428571428573,-0.15517241379310345,-0.32571428571428573,-0.13793103448275862,-0.26285714285714284
1,right,0.0,0.0,-0.25742574257425743,-0.0625,-0.45544554455445546,-0.17307692307692307,-0.5544554455445545,-0.28365384615384615,-0.44554455445544555,-0.375,-0.36633663366336633,-0.4375,-0.40594059405940597,-0.6201923076923077,-0.42574257425742573,-0.7403846153846154,-0.39603960396039606,-0.8365384615384616,-0.1485148514851485,-0.4182692307692308,-0.19801980198019803,-0.5528846153846154,-0.2871287128712871,-0.3894230769230769,-0.297029702970297,-0.3076923076923077,0.07920792079207921,-0.3701923076923077,0.019801980198019802,-0.46153846153846156,-0.09900990099009901,-0.3173076923076923,-0.12871287128712872,-0.2403846153846154,0.2871287128712871,-0.2932692307692308,0.21782178217821782,-0.3798076923076923,0.06930693069306931,-0.2932692307692308,0.019801980198019802,-0.23557692307692307
1,right,0.0,0.0,-0.2,-0.09905660377358491,-0.31,-0.25,-0.33,-0.36792452830188677,-0.19,-0.4386792452830189,0.02,-0.4716981132075472,0.14,-0.6509433962264151,0.22,-0.7594339622641509,0.34,-0.839622641509434,0.2,-0.419811320754717,0.24,-0.5754716981132075,0.01,-0.4528301886792453,-0.09,-0.3632075471698113,0.36,-0.33962264150943394,0.36,-0.4481132075471698,0.11,-0.3443396226415094,0.01,-0.2688679245283019,0.5,-0.24056603773584906,0.51,-0.3443396226415094,0.28,-0.3018867924528302,0.15,-0.25
1,right,0.0,0.0,-0.19230769230769232,-0.11737089201877934,-0.25961538461538464,-0.27699530516431925,-0.25961538461538464,-0.39436619718309857,-0.125,-0.4694835680751174,0.14423076923076922,-0.4788732394366197,0.2980769230769231,-0.6525821596244131,0.40384615384615385,-0.755868544600939,0.5288461538461539,-0.8403755868544601,0.3076923076923077,-0.41784037558685444,0.3557692307692308,-0.5821596244131455,0.09615384615384616,-0.4788732394366197,-0.028846153846153848,-0.38967136150234744,0.4423076923076923,-0.3333333333333333,0.46153846153846156,-0.4507042253521127,0.18269230769230768,-0.3615023474178404,0.057692307692307696,-0.2863849765258216,0.5576923076923077,-0.22065727699530516,0.5865384615384616,-0.3333333333333333,0.3557692307692308,-0.3051643192488263,0.20192307692307693,-0.25821596244131456
1,right,0.0,0.0,-0.23853211009174313,-0.05045871559633028,-0.44954128440366975,-0.14678899082568808,-0.5688073394495413,-0.22935779816513763,-0.5504587155963303,-0.3211009174311927,-0.3944954128440367,-0.42660550458715596,-0.48623853211009177,-0.6146788990825688,-0.5596330275229358,-0.7385321100917431,-0.5688073394495413,-0.8348623853211009,-0.1743119266055046,-0.41284403669724773,-0.27522935779816515,-0.5412844036697247,-0.3577981651376147,-0.3623853211009174,-0.3394495412844037,-0.28440366972477066,0.05504587155963303,-0.3669724770642202,-0.045871559633027525,-0.44495412844036697,-0.1651376146788991,-0.2889908256880734,-0.1651376146788991,-0.22935779816513763,0.26605504587155965,-0.29357798165137616,0.1743119266055046,-0.3577981651376147,0.027522935779816515,-0.26605504587155965,-0.009174311926605505,-0.22018348623853212
1,right,0.0,0.0,-0.17105263157894737,-0.021621621621621623,-0.34868421052631576,-0.08648648648648649,-0.4473684210526316,-0.16216216216216217,-0.4605263157894737,-0.2756756756756757,-0.4473684210526316,-0.41621621621621624,-0.5921052631578947,-0.6,-0.6973684210526315,-0.7297297297297297,-0.75,-0.8378378378378378,-0.27631578947368424,-0.43783783783783786,-0.3684210526315789,-0.5405405405405406,-0.34210526315789475,-0.31891891891891894,-0.3026315789473684,-0.22702702702702704,-0.09210526315789473,-0.42162162162162165,-0.16447368421052633,-0.4810810810810811,-0.17763157894736842,-0.2810810810810811,-0.16447368421052633,-0.21621621621621623,0.09210526315789473,-0.3621621621621622,0.02631578947368421,-0.41621621621621624,-0.019736842105263157,-0.2864864864864865,-0.03289473684210526,-0.23783783783783785
1,right,0.0,0.0,-0.25225225225225223,-0.0430622009569378,-0.46846846846846846,-0.14832535885167464,-0.5855855855855856,-0.23923444976076555,-0.5765765765765766,-0.3444976076555024,-0.44144144144144143,-0.430622009569378,-0.5495495495495496,-0.6172248803827751,-0.6216216216216216,-0.7416267942583732,-0.6306306306306306,-0.8373205741626795,-0.23423423423423423,-0.4258373205741627,-0.35135135135135137,-0.5550239234449761,-0.40540540540540543,-0.37320574162679426,-0.3783783783783784,-0.291866028708134,-0.009009009009009009,-0.3875598086124402,-0.11711711711711711,-0.45933014354066987,-0.1981981981981982,-0.3014354066985646,-0.1891891891891892,-0.23923444976076555,0.2072072072072072,-0.3157894736842105,0.10810810810810811,-0.3875598086124402,-0.009009009009009009,-0.28708133971291866,-0.036036036036036036,-0.23923444976076555
1,right,0.0,0.0,-0.21551724137931033,-0.08547008547008547,-0.3706896551724138,-0.21794871794871795,-0.4396551724137931,-0.3247863247863248,-0.35344827586206895,-0.4017094017094017,-0.1206896551724138,-0.44871794871794873,-0.10344827586206896,-0.6367521367521367,-0.08620689655172414,-0.7478632478632479,-0.034482758620689655,-0.8376068376068376,0.07758620689655173,-0.41025641025641024,0.008620689655172414,-0.5512820512820513,-0.16379310344827586,-0.41452991452991456,-0.20689655172413793,-0.3247863247863248,0.25862068965517243,-0.3418803418803419,0.14655172413793102,-0.4230769230769231,-0.034482758620689655,-0.3076923076923077,-0.09482758620689655,-0.23931623931623933,0.4051724137931034,-0.24358974358974358,0.3103448275862069,-0.31196581196581197,0.1206896551724138,-0.2606837606837607,0.02586206896551724,-0.21367521367521367
1,right,0.0,0.0,-0.16875,-0.026881720430107527,-0.325,-0.08064516129032258,-0.44375,-0.12903225806451613,-0.4375,-0.22043010752688172,-0.425,-0.41935483870967744,-0.575,-0.6021505376344086,-0.675,-0.7258064516129032,-0.73125,-0.8387096774193549,-0.25625,-0.45698924731182794,-0.3625,-0.521505376344086,-0.3375,-0.2903225806451613,-0.29375,-0.20430107526881722,-0.06875,-0.44086021505376344,-0.15625,-0.44623655913978494,-0.175,-0.24193548387096775,-0.15625,-0.1827956989247312,0.10625,-0.3709677419354839,0.0375,-0.3602150537634409,-0.01875,-0.23118279569892472,-0.01875,-0.1935483870967742
1,right,0.0,0.0,-0.25517241379310346,-0.012121212121212121,-0.4206896551724138,-0.06666666666666667,-0.5448275862068965,-0.07272727272727272,-0.5862068965517241,-0.09696969696969697,-0.43448275862068964,-0.4303030303030303,-0.593103448275862,-0.6060606060606061,-0.696551724137931,-0.7333333333333333,-0.7655172413793103,-0.8424242424242424,-0.25517241379310346,-0.4666666666666667,-0.4689655172413793,-0.3696969696969697,-0.496551724137931,-0.15757575757575756,-0.4413793103448276,-0.07878787878787878,-0.08275862068965517,-0.40606060606060607,-0.27586206896551724,-0.23030303030303031,-0.3310344827586207,-0.06666666666666667,-0.2896551724137931,-0.03636363636363636,0.06896551724137931,-0.2909090909090909,-0.08275862068965517,-0.15151515151515152,-0.1793103448275862,-0.03636363636363636,-0.18620689655172415,0.0
1,right,0.0,0.0,-0.224,-0.08796296296296297,-0.4,-0.20833333333333334,-0.52,-0.30092592592592593,-0.464,-0.375,-0.184,-0.48148148148148145,-0.24,-0.6435185185185185,-0.304,-0.75,-0.352,-0.8333333333333334,0.008,-0.4537037037037037,-0.152,-0.5648148148148148,-0.28,-0.4074074074074074,-0.288,-0.32407407407407407,0.184,-0.38425925925925924,0.008,-0.4444444444444444,-0.144,-0.3101851851851852,-0.168,-0.24537037037037038,0.32,-0.2777777777777778,0.176,-0.32407407407407407,0.0,-0.25925925925925924,-0.064,-0.21296296296296297
1,right,0.0,0.0,-0.2413793103448276,-0.11206896551724138,-0.3879310344827586,-0.2629310344827586,-0.47413793103448276,-0.36637931034482757,-0.46551724137931033,-0.45689655172413796,0.0,-0.49137931034482757,0.008620689655172414,-0.646551724137931,-0.02586206896551724,-0.7543103448275862,-0.04310344827586207,-0.8362068965517241,0.1724137931034483,-0.4525862068965517,-0.07758620689655173,-0.5818965517241379,-0.29310344827586204,-0.4525862068965517,-0.3103448275862069,-0.375,0.3017241379310345,-0.375,0.008620689655172414,-0.45689655172413796,-0.1810344827586207,-0.34051724137931033,-0.16379310344827586,-0.27586206896551724,0.3706896551724138,-0.27586206896551724,0.10344827586206896,-0.33620689655172414,-0.06896551724137931,-0.27155172413793105,-0.06896551724137931,-0.21982758620689655
1,right,0.0,0.0,-0.24561403508771928,-0.13135593220338984,-0.3684210526315789,-0.2754237288135593,-0.4649122807017544,-0.3771186440677966,-0.4824561403508772,-0.4661016949152542,0.06140350877192982,-0.4915254237288136,0.09649122807017543,-0.6440677966101694,0.10526315789473684,-0.7542372881355932,0.14035087719298245,-0.8389830508474576,0.22807017543859648,-0.4449152542372881,-0.08771929824561403,-0.576271186440678,-0.3157894736842105,-0.4533898305084746,-0.2982456140350877,-0.3813559322033898,0.32456140350877194,-0.3686440677966102,-0.03508771929824561,-0.4533898305084746,-0.22807017543859648,-0.3474576271186441,-0.16666666666666666,-0.2923728813559322,0.35964912280701755,-0.2711864406779661,0.043859649122807015,-0.3432203389830508,-0.14035087719298245,-0.2838983050847458,-0.10526315789473684,-0.23728813559322035
1,right,0.0,0.0,-0.23387096774193547,-0.07109004739336493,-0.43548387096774194,-0.18009478672985782,-0.5645161290322581,-0.26066350710900477,-0.5564516129032258,-0.3412322274881517,-0.3387096774193548,-0.46445497630331756,-0.45161290322580644,-0.6350710900473934,-0.5483870967741935,-0.7440758293838863,-0.6048387096774194,-0.8388625592417062,-0.13709677419354838,-0.4549763033175355,-0.31451612903225806,-0.5545023696682464,-0.4032258064516129,-0.38388625592417064,-0.3709677419354839,-0.3080568720379147,0.056451612903225805,-0.4075829383886256,-0.12903225806451613,-0.43601895734597157,-0.21774193548387097,-0.2938388625592417,-0.1935483870967742,-0.25118483412322273,0.23387096774193547,-0.3222748815165877,0.06451612903225806,-0.33649289099526064,-0.056451612903225805,-0.25118483412322273,-0.06451612903225806,-0.2132701421800948
1,right,0.0,0.0,-0.17261904761904762,-0.00641025641025641,-0.35714285714285715,-0.07692307692307693,-0.47023809523809523,-0.14102564102564102,-0.5119047619047619,-0.2564102564102564,-0.4642857142857143,-0.46153846153846156,-0.625,-0.6282051282051282,-0.75,-0.7307692307692307,-0.8333333333333334,-0.8333333333333334,-0.32142857142857145,-0.5192307692307693,-0.47023809523809523,-0.5769230769230769,-0.43452380952380953,-0.3269230769230769,-0.38095238095238093,-0.24358974358974358,-0.16071428571428573,-0.5192307692307693,-0.2916666666666667,-0.5064102564102564,-0.27976190476190477,-0.28205128205128205,-0.24404761904761904,-0.23076923076923078,-0.005952380952380952,-0.46153846153846156,-0.1130952380952381,-0.4358974358974359,-0.15476190476190477,-0.28205128205128205,-0.13690476190476192,-0.24358974358974358
1,right,0.0,0.0,-0.22131147540983606,-0.05855855855855856,-0.4180327868852459,-0.15765765765765766,-0.5573770491803278,-0.24324324324324326,-0.5491803278688525,-0.3063063063063063,-0.3524590163934426,-0.4369369369369369,-0.4262295081967213,-0.6216216216216216,-0.4918032786885246,-0.7387387387387387,-0.4918032786885246,-0.8378378378378378,-0.12295081967213115,-0.4369369369369369,-0.30327868852459017,-0.536036036036036,-0.38524590163934425,-0.36036036036036034,-0.3360655737704918,-0.3063063063063063,0.09016393442622951,-0.38738738738738737,-0.10655737704918032,-0.38738738738738737,-0.19672131147540983,-0.23873873873873874,-0.13934426229508196,-0.22522522522522523,0.2786885245901639,-0.3063063063063063,0.09016393442622951,-0.2747747747747748,-0.01639344262295082,-0.18468468468468469,0.01639344262295082,-0.18018018018018017
1,right,0.0,0.0,-0.23809523809523808,-0.030303030303030304,-0.4444444444444444,-0.10606060606060606,-0.5793650793650794,-0.16161616161616163,-0.5714285714285714,-0.21717171717171718,-0.42063492063492064,-0.41919191919191917,-0.5079365079365079,-0.6161616161616161,-0.6031746031746031,-0.7373737373737373,-0.6507936507936508,-0.8383838383838383,-0.1984126984126984,-0.4444444444444444,-0.4126984126984127,-0.4898989898989899,-0.4603174603174603,-0.29797979797979796,-0.40476190476190477,-0.23737373737373738,0.007936507936507936,-0.4090909090909091,-0.21428571428571427,-0.3434343434343434,-0.2619047619047619,-0.17676767676767677,-0.1984126984126984,-0.1717171717171717,0.19047619047619047,-0.3282828282828283,-0.007936507936507936,-0.23232323232323232,-0.07142857142857142,-0.12626262626262627,-0.007936507936507936,-0.13131313131313133
1,right,0.0,0.0,-0.325,-0.09787234042553192,-0.5083333333333333,-0.20851063829787234,-0.6416666666666667,-0.2851063829787234,-0.6833333333333333,-0.3446808510638298,-0.25,-0.46808510638297873,-0.2916666666666667,-0.6340425531914894,-0.3416666666666667,-0.7446808510638298,-0.35,-0.8382978723404255,-0.058333333333333334,-0.4340425531914894,-0.4083333333333333,-0.5063829787234042,-0.575,-0.3702127659574468,-0.5583333333333333,-0.2978723404255319,0.08333333333333333,-0.3617021276595745,-0.3416666666666667,-0.35319148936170214,-0.45,-0.2425531914893617,-0.36666666666666664,-0.20425531914893616,0.15,-0.25957446808510637,-0.20833333333333334,-0.2297872340425532,-0.30833333333333335,-0.16595744680851063,-0.23333333333333334,-0.14468085106382977
1,right,0.0,0.0,-0.21428571428571427,-0.03773584905660377,-0.39285714285714285,-0.12264150943396226,-0.41964285714285715,-0.21226415094339623,-0.29464285714285715,-0.28773584905660377,-0.38392857142857145,-0.419811320754717,-0.45535714285714285,-0.6132075471698113,-0.49107142857142855,-0.7311320754716981,-0.5,-0.839622641509434,-0.125,-0.41037735849056606,-0.14285714285714285,-0.5141509433962265,-0.17857142857142858,-0.33490566037735847,-0.16964285714285715,-0.2641509433962264,0.125,-0.3584905660377358,0.09821428571428571,-0.4009433962264151,0.017857142857142856,-0.25,-0.008928571428571428,-0.20754716981132076,0.3392857142857143,-0.2783018867924528,0.32142857142857145,-0.3113207547169811,0.20535714285714285,-0.21226415094339623,0.14285714285714285,-0.1792452830188679
1,right,0.0,0.0,-0.21212121212121213,-0.021621621621621623,-0.3838383838383838,-0.10270270270270271,-0.30303030303030304,-0.17297297297297298,-0.13131313131313133,-0.23243243243243245,-0.3434343434343434,-0.4,-0.3838383838383838,-0.5945945945945946,-0.37373737373737376,-0.7189189189189189,-0.3434343434343434,-0.8378378378378378,-0.08080808080808081,-0.4,0.010101010101010102,-0.4756756756756757,-0.020202020202020204,-0.2864864864864865,-0.06060606060606061,-0.22702702702702704,0.15151515151515152,-0.3567567567567568,0.25252525252525254,-0.3675675675675676,0.16161616161616163,-0.21621621621621623,0.08080808080808081,-0.1891891891891892,0.35353535353535354,-0.2972972972972973,0.45454545454545453,-0.3081081081081081,0.3434343434343434,-0.1945945945945946,0.2222222222222222,-0.1783783783783784
1,right,0.0,0.0,-0.18032786885245902,-0.07692307692307693,-0.3360655737704918,-0.1971153846153846,-0.4180327868852459,-0.30288461538461536,-0.3114754098360656,-0.34134615384615385,-0.13114754098360656,-0.4567307692307692,-0.13934426229508196,-0.6346153846153846,-0.16393442622950818,-0.7451923076923077,-0.1557377049180328,-0.8365384615384616,0.07377049180327869,-0.4326923076923077,-0.04918032786885246,-0.5336538461538461,-0.1721311475409836,-0.3798076923076923,-0.1557377049180328,-0.3125,0.26229508196721313,-0.3605769230769231,0.09836065573770492,-0.375,-0.03278688524590164,-0.2548076923076923,-0.02459016393442623,-0.22596153846153846,0.4180327868852459,-0.2548076923076923,0.2786885245901639,-0.2548076923076923,0.13114754098360656,-0.19230769230769232,0.10655737704918032,-0.1778846153846154
1,right,0.0,0.0,-0.3669724770642202,-0.11274509803921569,-0.5871559633027523,-0.23039215686274508,-0.7247706422018348,-0.30392156862745096,-0.8348623853211009,-0.39705882352941174,-0.29357798165137616,-0.4950980392156863,-0.3944954128440367,-0.6470588235294118,-0.5045871559633027,-0.75,-0.5779816513761468,-0.8333333333333334,-0.1651376146788991,-0.46568627450980393,-0.5779816513761468,-0.5490196078431373,-0.7247706422018348,-0.4068627450980392,-0.6880733944954128,-0.3333333333333333,-0.07339449541284404,-0.4019607843137255,-0.5321100917431193,-0.4215686274509804,-0.6146788990825688,-0.29901960784313725,-0.5229357798165137,-0.25,-0.027522935779816515,-0.30392156862745096,-0.41284403669724773,-0.3235294117647059,-0.5045871559633027,-0.24509803921568626,-0.42201834862385323,-0.19607843137254902
1,right,0.0,0.0,-0.25217391304347825,-0.08673469387755102,-0.4260869565217391,-0.22959183673469388,-0.5217391304347826,-0.3469387755102041,-0.46956521739130436,-0.41836734693877553,-0.21739130434782608,-0.4846938775510204,-0.2782608695652174,-0.6530612244897959,-0.3739130434782609,-0.7551020408163265,-0.4434782608695652,-0.8367346938775511,-0.008695652173913044,-0.47959183673469385,-0.2782608695652174,-0.5204081632653061,-0.3217391304347826,-0.3520408163265306,-0.23478260869565218,-0.3010204081632653,0.16521739130434782,-0.42857142857142855,-0.13043478260869565,-0.39285714285714285,-0.16521739130434782,-0.25510204081632654,-0.06956521739130435,-0.23979591836734693,0.3217391304347826,-0.336734693877551,0.05217391304347826,-0.29081632653061223,-0.008695652173913044,-0.20408163265306123,0.06956521739130435,-0.1989795918367347
1,right,0.0,0.0,-0.23478260869565218,-0.07142857142857142,-0.4260869565217391,-0.20918367346938777,-0.5478260869565217,-0.32142857142857145,-0.5565217391304348,-0.42346938775510207,-0.2956521739130435,-0.4642857142857143,-0.3652173913043478,-0.6377551020408163,-0.45217391304347826,-0.7448979591836735,-0.4782608695652174,-0.8367346938775511,-0.11304347826086956,-0.45408163265306123,-0.2,-0.6122448979591837,-0.26956521739130435,-0.4489795918367347,-0.24347826086956523,-0.3826530612244898,0.08695652173913043,-0.413265306122449,0.02608695652173913,-0.5459183673469388,-0.06956521739130435,-0.40816326530612246,-0.06086956521739131,-0.3469387755102041,0.28695652173913044,-0.336734693877551,0.22608695652173913,-0.4489795918367347,0.10434782608695652,-0.3622448979591837,0.0782608695652174,-0.3112244897959184
1,right,0.0,0.0,-0.21929824561403508,-0.0748663101604278,-0.37719298245614036,-0.20855614973262032,-0.49122807017543857,-0.32085561497326204,-0.5263157894736842,-0.43315508021390375,-0.22807017543859648,-0.4919786096256685,-0.2631578947368421,-0.6631016042780749,-0.35964912280701755,-0.7647058823529411,-0.41228070175438597,-0.839572192513369,-0.05263157894736842,-0.47058823529411764,-0.17543859649122806,-0.6042780748663101,-0.2719298245614035,-0.4385026737967914,-0.21052631578947367,-0.40106951871657753,0.14035087719298245,-0.41711229946524064,0.017543859649122806,-0.5294117647058824,-0.09649122807017543,-0.37433155080213903,-0.043859649122807015,-0.3422459893048128,0.3157894736842105,-0.32620320855614976,0.19298245614035087,-0.40641711229946526,0.06140350877192982,-0.3155080213903743,0.07894736842105263,-0.27807486631016043
1,right,0.0,0.0,-0.2892561983471074,-0.14146341463414633,-0.4297520661157025,-0.2780487804878049,-0.5619834710743802,-0.35609756097560974,-0.6859504132231405,-0.43902439024390244,-0.09917355371900827,-0.5170731707317073,-0.1322314049586777,-0.6780487804878049,-0.2396694214876033,-0.775609756097561,-0.34710743801652894,-0.8341463414634146,0.049586776859504134,-0.47317073170731705,-0.3140495867768595,-0.5707317073170731,-0.4462809917355372,-0.43902439024390244,-0.3884297520661157,-0.37073170731707317,0.1322314049586777,-0.3853658536585366,-0.256198347107438,-0.44390243902439025,-0.38016528925619836,-0.33170731707317075,-0.30578512396694213,-0.28780487804878047,0.1487603305785124,-0.2731707317073171,-0.19008264462809918,-0.3121951219512195,-0.30578512396694213,-0.25365853658536586,-0.24793388429752067,-0.2146341463414634
1,right,0.0,0.0,-0.30708661417322836,-0.13432835820895522,-0.44881889763779526,-0.26865671641791045,-0.5826771653543307,-0.34328358208955223,-0.7165354330708661,-0.4228855721393035,-0.1732283464566929,-0.5223880597014925,-0.2125984251968504,-0.6865671641791045,-0.3228346456692913,-0.7810945273631841,-0.4330708661417323,-0.8407960199004975,-0.015748031496062992,-0.47761194029850745,-0.3700787401574803,-0.5373134328358209,-0.4881889763779528,-0.39303482587064675,-0.4251968503937008,-0.3383084577114428,0.08661417322834646,-0.3880597014925373,-0.2992125984251969,-0.39303482587064675,-0.3779527559055118,-0.2835820895522388,-0.2992125984251969,-0.2537313432835821,0.12598425196850394,-0.263681592039801,-0.18110236220472442,-0.26865671641791045,-0.28346456692913385,-0.20398009950248755,-0.2204724409448819,-0.18407960199004975
1,right,0.0,0.0,-0.21739130434782608,-0.033783783783783786,-0.391304347826087,-0.10135135135135136,-0.5130434782608696,-0.14189189189189189,-0.5565217391304348,-0.19594594594594594,-0.3739130434782609,-0.4864864864864865,-0.4434782608695652,-0.6486486486486487,-0.5217391304347826,-0.75,-0.5826086956521739,-0.8378378378378378,-0.14782608695652175,-0.527027027027027,-0.2782608695652174,-0.5202702702702703,-0.3217391304347826,-0.28378378378378377,-0.28695652173913044,-0.23648648648648649,0.06956521739130435,-0.47297297297297297,-0.034782608695652174,-0.40540540540540543,-0.11304347826086956,-0.21621621621621623,-0.09565217391304348,-0.19594594594594594,0.2608695652173913,-0.3581081081081081,0.17391304347826086,-0.2905405405405405,0.06956521739130435,-0.16891891891891891,0.06086956521739131,-0.14864864864864866
1,right,0.0,0.0,-0.18439716312056736,0.007246376811594203,-0.3475177304964539,-0.057971014492753624,-0.475177304964539,-0.07971014492753623,-0.5390070921985816,-0.15942028985507245,-0.4326241134751773,-0.4492753623188406,-0.5815602836879432,-0.6231884057971014,-0.6950354609929078,-0.7318840579710145,-0.7730496453900709,-0.8333333333333334,-0.2765957446808511,-0.5144927536231884,-0.41134751773049644,-0.5434782608695652,-0.3971631205673759,-0.2898550724637681,-0.3404255319148936,-0.2391304347826087,-0.09219858156028368,-0.5072463768115942,-0.2127659574468085,-0.4420289855072464,-0.2198581560283688,-0.21739130434782608,-0.1773049645390071,-0.21014492753623187,0.07092198581560284,-0.427536231884058,-0.02127659574468085,-0.35507246376811596,-0.06382978723404255,-0.2028985507246377,-0.03546099290780142,-0.18840579710144928
1,right,0.0,0.0,-0.16666666666666666,0.03937007874015748,-0.3269230769230769,0.0,-0.4423076923076923,0.007874015748031496,-0.5128205128205128,-0.05511811023622047,-0.46153846153846156,-0.4094488188976378,-0.6282051282051282,-0.5905511811023622,-0.75,-0.7007874015748031,-0.8333333333333334,-0.8031496062992126,-0.3269230769230769,-0.5039370078740157,-0.4551282051282051,-0.4881889763779528,-0.3974358974358974,-0.2283464566929134,-0.33974358974358976,-0.1732283464566929,-0.16666666666666666,-0.5196850393700787,-0.2564102564102564,-0.3858267716535433,-0.22435897435897437,-0.16535433070866143,-0.1858974358974359,-0.1732283464566929,-0.01282051282051282,-0.4645669291338583,-0.07692307692307693,-0.31496062992125984,-0.07692307692307693,-0.15748031496062992,-0.04487179487179487,-0.18110236220472442
1,right,0.0,0.0,-0.21487603305785125,-0.053763440860215055,-0.4380165289256198,-0.16129032258064516,-0.5785123966942148,-0.23655913978494625,-0.6528925619834711,-0.3333333333333333,-0.38016528925619836,-0.45698924731182794,-0.49586776859504134,-0.6344086021505376,-0.6033057851239669,-0.7419354838709677,-0.6528925619834711,-0.8387096774193549,-0.19834710743801653,-0.45698924731182794,-0.38016528925619836,-0.5752688172043011,-0.4297520661157025,-0.3924731182795699,-0.371900826446281,-0.3387096774193548,-0.008264462809917356,-0.42473118279569894,-0.18181818181818182,-0.46236559139784944,-0.23140495867768596,-0.3010752688172043,-0.17355371900826447,-0.27956989247311825,0.18181818181818182,-0.3548387096774194,0.01652892561983471,-0.3763440860215054,-0.06611570247933884,-0.26344086021505375,-0.04132231404958678,-0.23655913978494625
1,left,0.0,0.0,0.21476510067114093,-0.11721611721611722,0.3691275167785235,-0.2600732600732601,0.4697986577181208,-0.3626373626373626,0.5033557046979866,-0.4542124542124542,0.06040268456375839,-0.4908424908424908,0.12080536912751678,-0.652014652014652,0.18120805369127516,-0.7582417582417582,0.2080536912751678,-0.8388278388278388,-0.11409395973154363,-0.4652014652014652,0.2080536912751678,-0.5567765567765568,0.38926174496644295,-0.4175824175824176,0.37583892617449666,-0.326007326007326,-0.24161073825503357,-0.39194139194139194,0.087248322147651,-0.45054945054945056,0.2550335570469799,-0.32967032967032966,0.22818791946308725,-0.26373626373626374,-0.33557046979865773,-0.2857142857142857,-0.09395973154362416,-0.34065934065934067,0.06040268456375839,-0.2783882783882784,0.06711409395973154,-0.23076923076923078
1,left,0.0,0.0,0.23893805309734514,-0.09722222222222222,0.4336283185840708,-0.22685185185185186,0.5575221238938053,-0.3148148148148148,0.5398230088495575,-0.37037037037037035,0.13274336283185842,-0.47685185185185186,0.17699115044247787,-0.6435185185185185,0.25663716814159293,-0.75,0.30973451327433627,-0.8333333333333334,-0.04424778761061947,-0.4583333333333333,0.25663716814159293,-0.5509259259259259,0.45132743362831856,-0.4212962962962963,0.4690265486725664,-0.3287037037037037,-0.18584070796460178,-0.3888888888888889,0.1504424778761062,-0.4351851851851852,0.3185840707964602,-0.3101851851851852,0.3008849557522124,-0.24074074074074073,-0.2831858407079646,-0.2916666666666667,-0.008849557522123894,-0.3194444444444444,0.1415929203539823,-0.25462962962962965,0.1504424778761062,-0.20833333333333334
1,left,0.0,0.0,0.27058823529411763,-0.09302325581395349,0.49411764705882355,-0.22674418604651161,0.6352941176470588,-0.31976744186046513,0.6235294117647059,-0.4127906976744186,0.21176470588235294,-0.5,0.3058823529411765,-0.6511627906976745,0.4,-0.75,0.4470588235294118,-0.8372093023255814,0.047058823529411764,-0.4883720930232558,0.3411764705882353,-0.5813953488372093,0.5294117647058824,-0.4476744186046512,0.5294117647058824,-0.36046511627906974,-0.08235294117647059,-0.4418604651162791,0.23529411764705882,-0.4883720930232558,0.38823529411764707,-0.3546511627906977,0.36470588235294116,-0.28488372093023256,-0.2,-0.36046511627906974,0.07058823529411765,-0.3953488372093023,0.2235294117647059,-0.31976744186046513,0.2235294117647059,-0.2616279069767442
1,left,0.0,0.0,0.2840909090909091,-0.09271523178807947,0.4659090909090909,-0.19205298013245034,0.6136363636363636,-0.24503311258278146,0.7386363636363636,-0.2781456953642384,0.29545454545454547,-0.48344370860927155,0.4318181818181818,-0.6357615894039735,0.5340909090909091,-0.7417218543046358,0.6022727272727273,-0.8410596026490066,0.10227272727272728,-0.46357615894039733,0.4318181818181818,-0.4768211920529801,0.6022727272727273,-0.33112582781456956,0.6022727272727273,-0.25165562913907286,-0.022727272727272728,-0.3708609271523179,0.32954545454545453,-0.3576158940397351,0.4772727272727273,-0.2251655629139073,0.45454545454545453,-0.16556291390728478,-0.10227272727272728,-0.2582781456953642,0.19318181818181818,-0.24503311258278146,0.3181818181818182,-0.17218543046357615,0.3068181818181818,-0.12582781456953643
1,left,0.0,0.0,0.2823529411764706,-0.07653061224489796,0.43529411764705883,-0.1989795918367347,0.4470588235294118,-0.2857142857142857,0.3058823529411765,-0.3622448979591837,0.3176470588235294,-0.46938775510204084,0.4117647058823529,-0.6326530612244898,0.4823529411764706,-0.7397959183673469,0.49411764705882355,-0.8367346938775511,0.058823529411764705,-0.4489795918367347,0.058823529411764705,-0.5816326530612245,0.21176470588235294,-0.4489795918367347,0.25882352941176473,-0.3520408163265306,-0.16470588235294117,-0.3826530612244898,-0.1411764705882353,-0.47959183673469385,0.047058823529411764,-0.3622448979591837,0.11764705882352941,-0.2857142857142857,-0.3411764705882353,-0.29081632653061223,-0.25882352941176473,-0.3622448979591837,-0.07058823529411765,-0.2857142857142857,0.011764705882352941,-0.23469387755102042
1,left,0.0,0.0,0.2619047619047619,-0.0797872340425532,0.44047619047619047,-0.2074468085106383,0.4523809523809524,-0.30851063829787234,0.2857142857142857,-0.3670212765957447,0.27380952380952384,-0.48404255319148937,0.34523809523809523,-0.6436170212765957,0.4166666666666667,-0.75,0.44047619047619047,-0.8404255319148937,0.011904761904761904,-0.4627659574468085,0.03571428571428571,-0.601063829787234,0.20238095238095238,-0.46808510638297873,0.25,-0.3776595744680851,-0.20238095238095238,-0.39361702127659576,-0.16666666666666666,-0.48936170212765956,0.047619047619047616,-0.3723404255319149,0.10714285714285714,-0.30319148936170215,-0.38095238095238093,-0.2925531914893617,-0.27380952380952384,-0.3617021276595745,-0.07142857142857142,-0.2925531914893617,0.0,-0.2393617021276596
1,left,0.0,0.0,0.25555555555555554,-0.09326424870466321,0.43333333333333335,-0.20725388601036268,0.5333333333333333,-0.29533678756476683,0.4444444444444444,-0.34196891191709844,0.14444444444444443,-0.48704663212435234,0.24444444444444444,-0.6373056994818653,0.3333333333333333,-0.7409326424870466,0.37777777777777777,-0.8341968911917098,-0.08888888888888889,-0.46113989637305697,0.1111111111111111,-0.5647668393782384,0.32222222222222224,-0.45077720207253885,0.34444444444444444,-0.37305699481865284,-0.23333333333333334,-0.38341968911917096,-0.011111111111111112,-0.45595854922279794,0.2222222222222222,-0.35751295336787564,0.24444444444444444,-0.29533678756476683,-0.3111111111111111,-0.27461139896373055,-0.044444444444444446,-0.31088082901554404,0.15555555555555556,-0.26424870466321243,0.2,-0.23316062176165803
1,left,0.0,0.0,0.24719101123595505,-0.09743589743589744,0.4157303370786517,-0.2153846153846154,0.5280898876404494,-0.29743589743589743,0.47191011235955055,-0.35384615384615387,0.10112359550561797,-0.49230769230769234,0.1797752808988764,-0.6410256410256411,0.2808988764044944,-0.7435897435897436,0.3258426966292135,-0.8358974358974359,-0.14606741573033707,-0.46153846153846156,0.11235955056179775,-0.558974358974359,0.34831460674157305,-0.4461538461538462,0.3595505617977528,-0.3641025641025641,-0.2696629213483146,-0.37948717948717947,0.02247191011235955,-0.4461538461538462,0.25842696629213485,-0.35384615384615387,0.25842696629213485,-0.28717948717948716,-0.3146067415730337,-0.27692307692307694,0.011235955056179775,-0.3076923076923077,0.21348314606741572,-0.26153846153846155,0.2247191011235955,-0.22564102564102564
1,left,0.0,0.0,0.25,-0.08542713567839195,0.4090909090909091,-0.21608040201005024,0.4772727272727273,-0.3165829145728643,0.3522727272727273,-0.35678391959798994,0.11363636363636363,-0.4723618090452261,0.17045454545454544,-0.6381909547738693,0.22727272727272727,-0.7487437185929648,0.22727272727272727,-0.8391959798994975,-0.11363636363636363,-0.44221105527638194,0.011363636363636364,-0.5678391959798995,0.22727272727272727,-0.457286432160804,0.2727272727272727,-0.3768844221105528,-0.26136363636363635,-0.3768844221105528,-0.11363636363636363,-0.4623115577889447,0.125,-0.36683417085427134,0.18181818181818182,-0.3015075376884422,-0.36363636363636365,-0.27638190954773867,-0.1590909090909091,-0.3316582914572864,0.056818181818181816,-0.2814070351758794,0.13636363636363635,-0.24120603015075376
1,left,0.0,0.0,0.3026315789473684,-0.0845771144278607,0.4605263157894737,-0.21393034825870647,0.4473684210526316,-0.30845771144278605,0.27631578947368424,-0.3880597014925373,0.3026315789473684,-0.4626865671641791,0.3815789473684211,-0.6318407960199005,0.4473684210526316,-0.7412935323383084,0.4473684210526316,-0.8407960199004975,0.039473684210526314,-0.43781094527363185,0.013157894736842105,-0.582089552238806,0.17105263157894737,-0.4577114427860697,0.23684210526315788,-0.35323383084577115,-0.19736842105263158,-0.373134328358209,-0.21052631578947367,-0.48756218905472637,0.013157894736842105,-0.3781094527363184,0.10526315789473684,-0.2935323383084577,-0.3815789473684211,-0.27860696517412936,-0.3026315789473684,-0.3681592039800995,-0.09210526315789473,-0.3034825870646766,0.0,-0.24378109452736318
1,left,0.0,0.0,0.22018348623853212,-0.07317073170731707,0.4036697247706422,-0.2,0.5045871559633027,-0.2975609756097561,0.5045871559633027,-0.375609756097561,0.1926605504587156,-0.4585365853658537,0.29357798165137616,-0.6341463414634146,0.3761467889908257,-0.7414634146341463,0.43119266055045874,-0.8341463414634146,0.0,-0.43902439024390244,0.21100917431192662,-0.5658536585365853,0.4036697247706422,-0.44878048780487806,0.48623853211009177,-0.3463414634146341,-0.1743119266055046,-0.3804878048780488,0.03669724770642202,-0.4585365853658537,0.21100917431192662,-0.33658536585365856,0.26605504587155965,-0.24878048780487805,-0.3302752293577982,-0.2926829268292683,-0.1559633027522936,-0.3463414634146341,0.009174311926605505,-0.2780487804878049,0.07339449541284404,-0.2146341463414634
1,left,0.0,0.0,0.22018348623853212,-0.06862745098039216,0.42201834862385323,-0.19607843137254902,0.5229357798165137,-0.29411764705882354,0.5137614678899083,-0.38235294117647056,0.22018348623853212,-0.45588235294117646,0.3211009174311927,-0.6372549019607843,0.4036697247706422,-0.7401960784313726,0.47706422018348627,-0.8333333333333334,0.03669724770642202,-0.4411764705882353,0.24770642201834864,-0.5637254901960784,0.43119266055045874,-0.45098039215686275,0.4954128440366973,-0.3480392156862745,-0.13761467889908258,-0.3872549019607843,0.05504587155963303,-0.47058823529411764,0.22935779816513763,-0.35294117647058826,0.28440366972477066,-0.25980392156862747,-0.3119266055045872,-0.29901960784313725,-0.14678899082568808,-0.3627450980392157,0.01834862385321101,-0.28921568627450983,0.07339449541284404,-0.22058823529411764
1,left,0.0,0.0,0.2727272727272727,-0.11282051282051282,0.45454545454545453,-0.26153846153846155,0.5818181818181818,-0.358974358974359,0.6363636363636364,-0.4256410256410256,0.16363636363636364,-0.517948717948718,0.23636363636363636,-0.676923076923077,0.35454545454545455,-0.7692307692307693,0.4636363636363636,-0.8358974358974359,0.0,-0.48717948717948717,0.3181818181818182,-0.5692307692307692,0.5454545454545454,-0.4666666666666667,0.6272727272727273,-0.37435897435897436,-0.12727272727272726,-0.41025641025641024,0.22727272727272727,-0.4512820512820513,0.39090909090909093,-0.3333333333333333,0.4,-0.26153846153846155,-0.2,-0.30256410256410254,0.09090909090909091,-0.3230769230769231,0.24545454545454545,-0.26153846153846155,0.2727272727272727,-0.2205128205128205
1,left,0.0,0.0,0.23809523809523808,-0.075,0.4380952380952381,-0.215,0.4857142857142857,-0.335,0.37142857142857144,-0.415,0.20952380952380953,-0.445,0.2571428571428571,-0.635,0.29523809523809524,-0.74,0.3047619047619048,-0.84,0.01904761904761905,-0.43,0.06666666666666667,-0.575,0.21904761904761905,-0.45,0.2761904761904762,-0.34,-0.17142857142857143,-0.375,-0.12380952380952381,-0.485,0.05714285714285714,-0.365,0.12380952380952381,-0.27,-0.3619047619047619,-0.29,-0.3333333333333333,-0.4,-0.1619047619047619,-0.33,-0.0761904761904762,-0.255
1,left,0.0,0.0,0.24271844660194175,-0.07653061224489796,0.34951456310679613,-0.19387755102040816,0.2524271844660194,-0.2857142857142857,0.06796116504854369,-0.3520408163265306,0.24271844660194175,-0.4489795918367347,0.27184466019417475,-0.6275510204081632,0.27184466019417475,-0.7397959183673469,0.2524271844660194,-0.8367346938775511,0.0,-0.4387755102040816,-0.08737864077669903,-0.5459183673469388,-0.0970873786407767,-0.39285714285714285,-0.04854368932038835,-0.29081632653061223,-0.20388349514563106,-0.39285714285714285,-0.30097087378640774,-0.4642857142857143,-0.2621359223300971,-0.336734693877551,-0.21359223300970873,-0.25,-0.36893203883495146,-0.32142857142857145,-0.49514563106796117,-0.40816326530612246,-0.42718446601941745,-0.32653061224489793,-0.33980582524271846,-0.25510204081632654
1,left,0.0,0.0,0.22330097087378642,-0.08163265306122448,0.3300970873786408,-0.1989795918367347,0.24271844660194175,-0.29081632653061223,0.05825242718446602,-0.35714285714285715,0.22330097087378642,-0.45408163265306123,0.24271844660194175,-0.6275510204081632,0.24271844660194175,-0.7448979591836735,0.23300970873786409,-0.8367346938775511,-0.019417475728155338,-0.4387755102040816,-0.11650485436893204,-0.5510204081632653,-0.10679611650485436,-0.3979591836734694,-0.06796116504854369,-0.29591836734693877,-0.22330097087378642,-0.3877551020408163,-0.3300970873786408,-0.45918367346938777,-0.27184466019417475,-0.33163265306122447,-0.21359223300970873,-0.25,-0.3883495145631068,-0.30612244897959184,-0.5145631067961165,-0.39285714285714285,-0.42718446601941745,-0.3163265306122449,-0.33980582524271846,-0.25
1,left,0.0,0.0,0.24761904761904763,-0.047872340425531915,0.44761904761904764,-0.14893617021276595,0.5142857142857142,-0.23404255319148937,0.3904761904761905,-0.2978723404255319,0.3333333333333333,-0.44148936170212766,0.3904761904761905,-0.6223404255319149,0.4380952380952381,-0.7393617021276596,0.4666666666666667,-0.8404255319148937,0.09523809523809523,-0.4308510638297872,0.1619047619047619,-0.5106382978723404,0.22857142857142856,-0.32978723404255317,0.23809523809523808,-0.22340425531914893,-0.12380952380952381,-0.3829787234042553,-0.05714285714285714,-0.4148936170212766,0.0380952380952381,-0.26063829787234044,0.05714285714285714,-0.18617021276595744,-0.3333333333333333,-0.30851063829787234,-0.2761904761904762,-0.32978723404255317,-0.1619047619047619,-0.22872340425531915,-0.12380952380952381,-0.18617021276595744
1,left,0.0,0.0,0.23008849557522124,-0.06770833333333333,0.4247787610619469,-0.1875,0.5486725663716814,-0.2864583333333333,0.48672566371681414,-0.3489583333333333,0.23893805309734514,-0.4739583333333333,0.30973451327433627,-0.6458333333333334,0.3893805309734513,-0.7447916666666666,0.45132743362831856,-0.8333333333333334,0.04424778761061947,-0.4635416666666667,0.24778761061946902,-0.5572916666666666,0.3893805309734513,-0.390625,0.39823008849557523,-0.28125,-0.13274336283185842,-0.40625,0.07964601769911504,-0.4479166666666667,0.21238938053097345,-0.296875,0.21238938053097345,-0.21875,-0.2920353982300885,-0.3177083333333333,-0.08849557522123894,-0.3229166666666667,0.04424778761061947,-0.234375,0.07079646017699115,-0.1875
1,left,0.0,0.0,0.3645833333333333,-0.11442786069651742,0.59375,-0.2537313432835821,0.75,-0.35323383084577115,0.7291666666666666,-0.417910447761194,0.25,-0.5024875621890548,0.3229166666666667,-0.6616915422885572,0.4583333333333333,-0.7661691542288557,0.5520833333333334,-0.8407960199004975,0.0625,-0.47761194029850745,0.5104166666666666,-0.527363184079602,0.6145833333333334,-0.38308457711442784,0.5208333333333334,-0.31840796019900497,-0.041666666666666664,-0.4079601990049751,0.4270833333333333,-0.4228855721393035,0.5,-0.29850746268656714,0.3854166666666667,-0.25870646766169153,-0.08333333333333333,-0.30845771144278605,0.3125,-0.30845771144278605,0.375,-0.23383084577114427,0.2604166666666667,-0.208955223880597
1,left,0.0,0.0,0.41,-0.10714285714285714,0.63,-0.21428571428571427,0.76,-0.3080357142857143,0.66,-0.32589285714285715,0.25,-0.47767857142857145,0.35,-0.625,0.39,-0.7410714285714286,0.38,-0.8392857142857143,0.05,-0.45535714285714285,0.52,-0.41964285714285715,0.54,-0.30357142857142855,0.41,-0.28125,-0.06,-0.3794642857142857,0.45,-0.3169642857142857,0.44,-0.22321428571428573,0.3,-0.21875,-0.08,-0.28125,0.33,-0.21875,0.35,-0.16071428571428573,0.24,-0.15625
1,left,0.0,0.0,0.3854166666666667,-0.11363636363636363,0.5833333333333334,-0.2318181818181818,0.71875,-0.32727272727272727,0.7083333333333334,-0.4090909090909091,0.22916666666666666,-0.4727272727272727,0.3229166666666667,-0.6272727272727273,0.40625,-0.7454545454545455,0.4375,-0.8363636363636363,0.020833333333333332,-0.45454545454545453,0.4895833333333333,-0.4727272727272727,0.5520833333333334,-0.33636363636363636,0.4479166666666667,-0.2818181818181818,-0.08333333333333333,-0.39090909090909093,0.4166666666666667,-0.36818181818181817,0.4583333333333333,-0.2590909090909091,0.3229166666666667,-0.22727272727272727,-0.11458333333333333,-0.30454545454545456,0.3020833333333333,-0.2590909090909091,0.34375,-0.19090909090909092,0.22916666666666666,-0.18181818181818182
1,left,0.0,0.0,0.2826086956521739,-0.06635071090047394,0.4891304347826087,-0.1895734597156398,0.6086956521739131,-0.2796208530805687,0.5760869565217391,-0.36492890995260663,0.2717391304347826,-0.46919431279620855,0.3695652173913043,-0.6398104265402843,0.45652173913043476,-0.7440758293838863,0.4782608695652174,-0.8388625592417062,0.06521739130434782,-0.4549763033175355,0.2717391304347826,-0.5734597156398105,0.4673913043478261,-0.44075829383886256,0.4891304347826087,-0.3459715639810427,-0.10869565217391304,-0.4028436018957346,0.10869565217391304,-0.4881516587677725,0.33695652173913043,-0.36492890995260663,0.391304347826087,-0.2843601895734597,-0.2391304347826087,-0.3127962085308057,-0.021739130434782608,-0.36492890995260663,0.21739130434782608,-0.2985781990521327,0.32608695652173914,-0.24170616113744076
1,left,0.0,0.0,0.33695652173913043,-0.11165048543689321,0.5652173913043478,-0.24271844660194175,0.7391304347826086,-0.3300970873786408,0.717391304347826,-0.4029126213592233,0.17391304347826086,-0.5048543689320388,0.2608695652173913,-0.6601941747572816,0.40217391304347827,-0.7621359223300971,0.5,-0.8349514563106796,-0.021739130434782608,-0.47572815533980584,0.3804347826086957,-0.5825242718446602,0.6304347826086957,-0.46116504854368934,0.6304347826086957,-0.3786407766990291,-0.10869565217391304,-0.39805825242718446,0.29347826086956524,-0.48058252427184467,0.5543478260869565,-0.3786407766990291,0.5434782608695652,-0.3058252427184466,-0.10869565217391304,-0.2961165048543689,0.29347826086956524,-0.33980582524271846,0.5,-0.28640776699029125,0.4782608695652174,-0.24271844660194175
1,left,0.0,0.0,0.2807017543859649,-0.13993174061433447,0.4678362573099415,-0.2627986348122867,0.6374269005847953,-0.32081911262798635,0.8245614035087719,-0.3583617747440273,0.23976608187134502,-0.4812286689419795,0.2573099415204678,-0.6416382252559727,0.2222222222222222,-0.7508532423208191,0.17543859649122806,-0.8361774744027304,0.10526315789473684,-0.4402730375426621,0.5029239766081871,-0.46757679180887374,0.7192982456140351,-0.3890784982935154,0.8245614035087719,-0.32764505119453924,0.023391812865497075,-0.3447098976109215,0.45614035087719296,-0.34812286689419797,0.5847953216374269,-0.27303754266211605,0.5964912280701754,-0.22184300341296928,-0.011695906432748537,-0.2354948805460751,0.30994152046783624,-0.2525597269624573,0.4269005847953216,-0.22866894197952217,0.4502923976608187,-0.21160409556313994
1,left,0.0,0.0,0.2787878787878788,-0.1267605633802817,0.45454545454545453,-0.24647887323943662,0.6121212121212121,-0.3028169014084507,0.7757575757575758,-0.3415492957746479,0.21212121212121213,-0.4753521126760563,0.24242424242424243,-0.6373239436619719,0.2727272727272727,-0.75,0.30303030303030304,-0.8380281690140845,0.07878787878787878,-0.43309859154929575,0.47878787878787876,-0.4859154929577465,0.696969696969697,-0.397887323943662,0.8,-0.3204225352112676,-0.006060606060606061,-0.3485915492957746,0.42424242424242425,-0.3591549295774648,0.5454545454545454,-0.2676056338028169,0.5515151515151515,-0.20774647887323944,-0.04242424242424243,-0.23943661971830985,0.26666666666666666,-0.2676056338028169,0.3939393939393939,-0.22887323943661972,0.41818181818181815,-0.2007042253521127
1,left,0.0,0.0,0.3475177304964539,-0.17491749174917492,0.48226950354609927,-0.33003300330033003,0.5602836879432624,-0.43234323432343236,0.624113475177305,-0.528052805280528,0.06382978723404255,-0.49504950495049505,0.1276595744680851,-0.6534653465346535,0.18439716312056736,-0.7557755775577558,0.2198581560283688,-0.834983498349835,-0.06382978723404255,-0.46864686468646866,0.3829787234042553,-0.594059405940594,0.6524822695035462,-0.5181518151815182,0.75177304964539,-0.43564356435643564,-0.09219858156028368,-0.40594059405940597,0.3546099290780142,-0.5115511551155115,0.6099290780141844,-0.43564356435643564,0.7163120567375887,-0.36303630363036304,-0.05673758865248227,-0.3201320132013201,0.28368794326241137,-0.40264026402640263,0.5106382978723404,-0.3795379537953795,0.6524822695035462,-0.3432343234323432
1,left,0.0,0.0,0.4180327868852459,-0.1758957654723127,0.5573770491803278,-0.32247557003257327,0.6721311475409836,-0.4201954397394137,0.7377049180327869,-0.5146579804560261,0.09836065573770492,-0.4820846905537459,0.2459016393442623,-0.6416938110749185,0.319672131147541,-0.749185667752443,0.3360655737704918,-0.8371335504885994,-0.01639344262295082,-0.4560260586319218,0.5901639344262295,-0.5700325732899023,0.8114754098360656,-0.46579804560260585,0.8114754098360656,-0.38762214983713356,-0.02459016393442623,-0.3941368078175896,0.5655737704918032,-0.48534201954397393,0.7459016393442623,-0.39087947882736157,0.7213114754098361,-0.31921824104234525,0.03278688524590164,-0.30944625407166126,0.4918032786885246,-0.3811074918566775,0.7131147540983607,-0.34527687296416937,0.7950819672131147,-0.30293159609120524
1,left,0.0,0.0,0.3700787401574803,-0.16554054054054054,0.5039370078740157,-0.3141891891891892,0.6220472440944882,-0.4155405405405405,0.7322834645669292,-0.5033783783783784,0.07086614173228346,-0.4864864864864865,0.23622047244094488,-0.6418918918918919,0.31496062992125984,-0.75,0.33070866141732286,-0.8378378378378378,-0.007874015748031496,-0.44932432432432434,0.5826771653543307,-0.5743243243243243,0.8188976377952756,-0.4831081081081081,0.8346456692913385,-0.41216216216216217,0.031496062992125984,-0.375,0.5984251968503937,-0.4831081081081081,0.7952755905511811,-0.39864864864864863,0.7952755905511811,-0.3277027027027027,0.13385826771653545,-0.28716216216216217,0.5905511811023622,-0.36824324324324326,0.7874015748031497,-0.34121621621621623,0.8346456692913385,-0.30405405405405406
1,left,0.0,0.0,0.16666666666666666,-0.16993464052287582,0.2857142857142857,-0.3235294117647059,0.40476190476190477,-0.43137254901960786,0.5555555555555556,-0.5,0.023809523809523808,-0.46405228758169936,0.19047619047619047,-0.630718954248366,0.2619047619047619,-0.7450980392156863,0.25396825396825395,-0.8366013071895425,0.0,-0.42483660130718953,0.5793650793650794,-0.5718954248366013,0.8095238095238095,-0.49673202614379086,0.8174603174603174,-0.43137254901960786,0.07936507936507936,-0.35294117647058826,0.6349206349206349,-0.4803921568627451,0.8174603174603174,-0.4117647058823529,0.8015873015873016,-0.35294117647058826,0.2222222222222222,-0.27450980392156865,0.6666666666666666,-0.3758169934640523,0.8253968253968254,-0.35294117647058826,0.8412698412698413,-0.3202614379084967
1,left,0.0,0.0,-0.0392156862745098,-0.17834394904458598,0.05228758169934641,-0.34394904458598724,0.22875816993464052,-0.4426751592356688,0.41830065359477125,-0.49044585987261147,0.013071895424836602,-0.43630573248407645,0.0457516339869281,-0.6210191082802548,0.0718954248366013,-0.7452229299363057,0.05228758169934641,-0.8343949044585988,0.0784313725490196,-0.39171974522292996,0.5686274509803921,-0.5605095541401274,0.7124183006535948,-0.4872611464968153,0.673202614379085,-0.42356687898089174,0.20915032679738563,-0.31528662420382164,0.673202614379085,-0.4554140127388535,0.7581699346405228,-0.3980891719745223,0.6797385620915033,-0.3471337579617834,0.3464052287581699,-0.22929936305732485,0.7320261437908496,-0.34394904458598724,0.803921568627451,-0.3248407643312102,0.7450980392156863,-0.2961783439490446
1,left,0.0,0.0,-0.15625,-0.18543046357615894,-0.09375,-0.3675496688741722,0.08125,-0.48013245033112584,0.2625,-0.5364238410596026,-0.075,-0.40066225165562913,-0.04375,-0.6059602649006622,-0.03125,-0.7384105960264901,-0.01875,-0.8344370860927153,0.125,-0.3675496688741722,0.425,-0.5993377483443708,0.40625,-0.543046357615894,0.31875,-0.46688741721854304,0.325,-0.31456953642384106,0.59375,-0.5231788079470199,0.5375,-0.4768211920529801,0.45625,-0.41721854304635764,0.48125,-0.25165562913907286,0.68125,-0.4304635761589404,0.61875,-0.4139072847682119,0.54375,-0.3741721854304636
1,left,0.0,0.0,0.3402777777777778,-0.1620795107033639,0.4583333333333333,-0.2966360856269113,0.5972222222222222,-0.39143730886850153,0.6875,-0.4892966360856269,0.0,-0.4648318042813456,0.04861111111111111,-0.6238532110091743,0.04861111111111111,-0.7431192660550459,0.0,-0.8348623853211009,-0.125,-0.41896024464831805,0.3680555555555556,-0.5382262996941896,0.6319444444444444,-0.44954128440366975,0.6805555555555556,-0.37920489296636084,-0.14583333333333334,-0.3363914373088685,0.3402777777777778,-0.4434250764525994,0.5833333333333334,-0.3669724770642202,0.6319444444444444,-0.30275229357798167,-0.08333333333333333,-0.23853211009174313,0.2569444444444444,-0.327217125382263,0.5,-0.3211009174311927,0.625,-0.30275229357798167
1,left,0.0,0.0,0.3018867924528302,-0.13271604938271606,0.4779874213836478,-0.2623456790123457,0.6226415094339622,-0.3487654320987654,0.6918238993710691,-0.4506172839506173,0.13836477987421383,-0.4845679012345679,0.2389937106918239,-0.6358024691358025,0.2893081761006289,-0.7438271604938271,0.27044025157232704,-0.8333333333333334,-0.025157232704402517,-0.4506172839506173,0.39622641509433965,-0.5277777777777778,0.610062893081761,-0.4166666666666667,0.6163522012578616,-0.3395061728395062,-0.11320754716981132,-0.3734567901234568,0.2893081761006289,-0.44135802469135804,0.5031446540880503,-0.33641975308641975,0.5283018867924528,-0.2654320987654321,-0.14465408805031446,-0.26851851851851855,0.16352201257861634,-0.32407407407407407,0.3836477987421384,-0.2777777777777778,0.4591194968553459,-0.2345679012345679
1,left,0.0,0.0,0.24404761904761904,-0.10094637223974763,0.42857142857142855,-0.22397476340694006,0.5476190476190477,-0.31545741324921134,0.5535714285714286,-0.41009463722397477,0.13690476190476192,-0.4637223974763407,0.21428571428571427,-0.6340694006309149,0.26785714285714285,-0.7444794952681388,0.27380952380952384,-0.8359621451104101,-0.05357142857142857,-0.444794952681388,0.2916666666666667,-0.5141955835962145,0.47023809523809523,-0.38170347003154576,0.48214285714285715,-0.2870662460567823,-0.19047619047619047,-0.3722397476340694,0.16071428571428573,-0.41009463722397477,0.3333333333333333,-0.28391167192429023,0.35714285714285715,-0.20504731861198738,-0.27976190476190477,-0.26498422712933756,-0.047619047619047616,-0.2996845425867508,0.16071428571428573,-0.24290220820189273,0.26785714285714285,-0.19558359621451105
1,left,0.0,0.0,0.2857142857142857,-0.10121457489878542,0.48412698412698413,-0.242914979757085,0.6111111111111112,-0.3441295546558704,0.6666666666666666,-0.44129554655870445,0.18253968253968253,-0.4979757085020243,0.25396825396825395,-0.6437246963562753,0.30952380952380953,-0.7489878542510121,0.3253968253968254,-0.8380566801619433,0.015873015873015872,-0.4898785425101215,0.373015873015873,-0.5465587044534413,0.5396825396825397,-0.4291497975708502,0.5476190476190477,-0.3319838056680162,-0.10317460317460317,-0.44129554655870445,0.2698412698412698,-0.4817813765182186,0.42857142857142855,-0.3603238866396761,0.4444444444444444,-0.2793522267206478,-0.1746031746031746,-0.3603238866396761,0.12698412698412698,-0.41295546558704455,0.30952380952380953,-0.3441295546558704,0.3888888888888889,-0.2834008097165992
1,left,0.0,0.0,0.4144144144144144,-0.13063063063063063,0.5945945945945946,-0.27927927927927926,0.7297297297297297,-0.36936936936936937,0.8378378378378378,-0.45495495495495497,0.1981981981981982,-0.5045045045045045,0.2702702702702703,-0.6801801801801802,0.42342342342342343,-0.7792792792792793,0.5675675675675675,-0.8378378378378378,0.08108108108108109,-0.481981981981982,0.6396396396396397,-0.545045045045045,0.7657657657657657,-0.4099099099099099,0.7207207207207207,-0.32432432432432434,0.05405405405405406,-0.4189189189189189,0.5945945945945946,-0.45495495495495497,0.7027027027027027,-0.34234234234234234,0.6486486486486487,-0.27927927927927926,0.08108108108108109,-0.32882882882882886,0.4954954954954955,-0.36936936936936937,0.6486486486486487,-0.2972972972972973,0.6756756756756757,-0.24324324324324326
1,left,0.0,0.0,0.391304347826087,-0.1225296442687747,0.5565217391304348,-0.2450592885375494,0.6782608695652174,-0.3359683794466403,0.7652173913043478,-0.3952569169960474,0.21739130434782608,-0.45849802371541504,0.3391304347826087,-0.6205533596837944,0.41739130434782606,-0.7391304347826086,0.46956521739130436,-0.83399209486166,0.14782608695652175,-0.43873517786561267,0.7391304347826086,-0.5019762845849802,0.8434782608695652,-0.391304347826087,0.7913043478260869,-0.3201581027667984,0.16521739130434782,-0.3794466403162055,0.7391304347826086,-0.4150197628458498,0.808695652173913,-0.31225296442687744,0.7478260869565218,-0.2450592885375494,0.24347826086956523,-0.2964426877470356,0.6782608695652174,-0.32806324110671936,0.7913043478260869,-0.2648221343873518,0.808695652173913,-0.2134387351778656
1,left,0.0,0.0,-0.041666666666666664,-0.19008264462809918,0.058333333333333334,-0.34710743801652894,0.24166666666666667,-0.4214876033057851,0.44166666666666665,-0.43388429752066116,0.05,-0.45454545454545453,0.125,-0.6322314049586777,0.18333333333333332,-0.7479338842975206,0.20833333333333334,-0.8347107438016529,0.175,-0.4380165289256198,0.575,-0.5247933884297521,0.6166666666666667,-0.4462809917355372,0.5166666666666667,-0.3925619834710744,0.3416666666666667,-0.384297520661157,0.7083333333333334,-0.45041322314049587,0.6916666666666667,-0.3760330578512397,0.5916666666666667,-0.33884297520661155,0.49166666666666664,-0.30991735537190085,0.7916666666666666,-0.3760330578512397,0.775,-0.3140495867768595,0.6916666666666667,-0.26859504132231404
1,left,0.0,0.0,-0.043478260869565216,-0.1926605504587156,0.06086956521739131,-0.3532110091743119,0.25217391304347825,-0.42660550458715596,0.4434782608695652,-0.44495412844036697,0.043478260869565216,-0.46788990825688076,0.14782608695652175,-0.6467889908256881,0.21739130434782608,-0.7568807339449541,0.26956521739130435,-0.8348623853211009,0.17391304347826086,-0.45871559633027525,0.5826086956521739,-0.536697247706422,0.6434782608695652,-0.44954128440366975,0.5826086956521739,-0.3944954128440367,0.33043478260869563,-0.40825688073394495,0.7043478260869566,-0.45871559633027525,0.7217391304347827,-0.3761467889908257,0.6434782608695652,-0.3256880733944954,0.4782608695652174,-0.3394495412844037,0.782608695652174,-0.38990825688073394,0.8,-0.3211009174311927,0.7565217391304347,-0.2706422018348624
1,left,0.0,0.0,-0.15873015873015872,-0.17803030303030304,-0.0873015873015873,-0.3333333333333333,0.1111111111111111,-0.4090909090909091,0.31746031746031744,-0.4128787878787879,-0.05555555555555555,-0.42803030303030304,-0.031746031746031744,-0.625,0.015873015873015872,-0.7424242424242424,0.03968253968253968,-0.8333333333333334,0.16666666666666666,-0.4166666666666667,0.4126984126984127,-0.553030303030303,0.42063492063492064,-0.4810606060606061,0.3412698412698413,-0.4166666666666667,0.38095238095238093,-0.3712121212121212,0.5873015873015873,-0.4734848484848485,0.5555555555555556,-0.4166666666666667,0.46825396825396826,-0.36742424242424243,0.5476190476190477,-0.30303030303030304,0.6825396825396826,-0.39015151515151514,0.6428571428571429,-0.3446969696969697,0.5793650793650794,-0.30303030303030304
1,left,0.0,0.0,-0.03007518796992481,-0.18055555555555555,0.06015037593984962,-0.3402777777777778,0.23308270676691728,-0.4375,0.42105263157894735,-0.4791666666666667,0.007518796992481203,-0.4375,0.11278195488721804,-0.625,0.21052631578947367,-0.7465277777777778,0.2631578947368421,-0.8333333333333334,0.06766917293233082,-0.4027777777777778,0.5714285714285714,-0.5451388888888888,0.7142857142857143,-0.4652777777777778,0.6766917293233082,-0.4027777777777778,0.19548872180451127,-0.3368055555555556,0.6766917293233082,-0.4548611111111111,0.7669172932330827,-0.3819444444444444,0.6917293233082706,-0.3298611111111111,0.3383458646616541,-0.2638888888888889,0.7218045112781954,-0.3611111111111111,0.8045112781954887,-0.3229166666666667,0.7744360902255639,-0.2881944444444444
1,left,0.0,0.0,0.39344262295081966,-0.1724137931034483,0.5163934426229508,-0.32413793103448274,0.6147540983606558,-0.4241379310344828,0.6721311475409836,-0.5172413793103449,0.04918032786885246,-0.4862068965517241,0.16393442622950818,-0.6482758620689655,0.26229508196721313,-0.7517241379310344,0.32786885245901637,-0.8344827586206897,-0.05737704918032787,-0.46551724137931033,0.48360655737704916,-0.5827586206896552,0.7295081967213115,-0.4827586206896552,0.7704918032786885,-0.4,-0.06557377049180328,-0.40344827586206894,0.4672131147540984,-0.5,0.6557377049180327,-0.4,0.6557377049180327,-0.32413793103448274,0.00819672131147541,-0.32413793103448274,0.4180327868852459,-0.4068965517241379,0.6147540983606558,-0.3586206896551724,0.6721311475409836,-0.30689655172413793
1,left,0.0,0.0,0.26277372262773724,-0.0898876404494382,0.46715328467153283,-0.20973782771535582,0.5985401459854015,-0.29213483146067415,0.6423357664233577,-0.38202247191011235,0.17518248175182483,-0.47191011235955055,0.23357664233576642,-0.6367041198501873,0.2846715328467153,-0.7453183520599251,0.30656934306569344,-0.8352059925093633,-0.0072992700729927005,-0.45692883895131087,0.32116788321167883,-0.5131086142322098,0.5109489051094891,-0.3970037453183521,0.5547445255474452,-0.2958801498127341,-0.13138686131386862,-0.3970037453183521,0.21897810218978103,-0.42696629213483145,0.40145985401459855,-0.30337078651685395,0.45255474452554745,-0.21722846441947566,-0.19708029197080293,-0.30711610486891383,0.08759124087591241,-0.3333333333333333,0.2773722627737226,-0.2696629213483146,0.36496350364963503,-0.21348314606741572
1,left,0.0,0.0,0.16666666666666666,-0.09701492537313433,0.328125,-0.23134328358208955,0.4791666666666667,-0.30597014925373134,0.625,-0.34328358208955223,0.109375,-0.48880597014925375,0.14583333333333334,-0.6567164179104478,0.21354166666666666,-0.7611940298507462,0.2552083333333333,-0.835820895522388,-0.020833333333333332,-0.4701492537313433,0.20833333333333334,-0.5746268656716418,0.3072916666666667,-0.417910447761194,0.2552083333333333,-0.34701492537313433,-0.125,-0.41044776119402987,0.11458333333333333,-0.4701492537313433,0.1875,-0.3246268656716418,0.109375,-0.27238805970149255,-0.20833333333333334,-0.3208955223880597,0.005208333333333333,-0.35074626865671643,0.078125,-0.26492537313432835,0.010416666666666666,-0.22761194029850745
1,left,0.0,0.0,0.21301775147928995,-0.10247349823321555,0.35502958579881655,-0.24381625441696114,0.44970414201183434,-0.3462897526501767,0.5207100591715976,-0.4416961130742049,0.05325443786982249,-0.47703180212014135,0.08284023668639054,-0.6360424028268551,0.11834319526627218,-0.7455830388692579,0.14201183431952663,-0.8374558303886925,-0.10650887573964497,-0.4628975265017668,0.1893491124260355,-0.49469964664310956,0.3254437869822485,-0.3568904593639576,0.3136094674556213,-0.2791519434628975,-0.22485207100591717,-0.3992932862190813,0.09467455621301775,-0.40636042402826855,0.21301775147928995,-0.2756183745583039,0.1893491124260355,-0.21201413427561838,-0.3136094674556213,-0.30742049469964666,-0.047337278106508875,-0.30742049469964666,0.07100591715976332,-0.22614840989399293,0.05917159763313609,-0.18374558303886926
1,left,0.0,0.0,0.2549019607843137,-0.11072664359861592,0.4117647058823529,-0.2491349480968858,0.5032679738562091,-0.356401384083045,0.5751633986928104,-0.4602076124567474,0.10457516339869281,-0.4740484429065744,0.13725490196078433,-0.6262975778546713,0.17647058823529413,-0.7370242214532872,0.1895424836601307,-0.8339100346020761,-0.0784313725490196,-0.46366782006920415,0.2875816993464052,-0.4602076124567474,0.46405228758169936,-0.33217993079584773,0.49673202614379086,-0.23875432525951557,-0.1895424836601307,-0.40484429065743943,0.20261437908496732,-0.3806228373702422,0.33986928104575165,-0.2560553633217993,0.3660130718954248,-0.17647058823529413,-0.2679738562091503,-0.31833910034602075,0.05228758169934641,-0.2975778546712803,0.1895424836601307,-0.2179930795847751,0.2222222222222222,-0.16262975778546712
1,left,0.0,0.0,0.24848484848484848,-0.12,0.4,-0.2633333333333333,0.49696969696969695,-0.37333333333333335,0.593939393939394,-0.4666666666666667,0.07878787878787878,-0.4866666666666667,0.13333333333333333,-0.6366666666666667,0.15151515151515152,-0.74,0.16363636363636364,-0.8333333333333334,-0.08484848484848485,-0.4666666666666667,0.2545454545454545,-0.49666666666666665,0.47878787878787876,-0.41,0.6060606060606061,-0.3233333333333333,-0.18181818181818182,-0.4,0.18787878787878787,-0.4,0.3939393939393939,-0.31,0.5212121212121212,-0.23333333333333334,-0.23636363636363636,-0.31333333333333335,0.07272727272727272,-0.30333333333333334,0.24242424242424243,-0.24,0.34545454545454546,-0.19
1,left,0.0,0.0,0.17857142857142858,-0.10238907849829351,0.3163265306122449,-0.2627986348122867,0.4489795918367347,-0.36177474402730375,0.5918367346938775,-0.4300341296928328,0.05102040816326531,-0.4709897610921502,0.0663265306122449,-0.6382252559726962,0.10714285714285714,-0.7474402730375427,0.11734693877551021,-0.8361774744027304,-0.07653061224489796,-0.447098976109215,0.09693877551020408,-0.5938566552901023,0.2755102040816326,-0.49146757679180886,0.3010204081632653,-0.3993174061433447,-0.1683673469387755,-0.3890784982935154,0.015306122448979591,-0.5187713310580204,0.1989795918367347,-0.4129692832764505,0.21428571428571427,-0.3310580204778157,-0.24489795918367346,-0.29692832764505117,-0.04081632653061224,-0.36860068259385664,0.11734693877551021,-0.310580204778157,0.1377551020408163,-0.2593856655290102
1,left,0.0,0.0,0.30714285714285716,-0.17475728155339806,0.4142857142857143,-0.3268608414239482,0.5214285714285715,-0.44336569579288027,0.6285714285714286,-0.540453074433657,-0.05714285714285714,-0.47249190938511326,-0.007142857142857143,-0.6343042071197411,0.07857142857142857,-0.7572815533980582,0.14285714285714285,-0.8381877022653722,-0.15,-0.42394822006472493,0.4357142857142857,-0.5242718446601942,0.6714285714285714,-0.42071197411003236,0.6928571428571428,-0.34627831715210355,-0.1357142857142857,-0.343042071197411,0.4357142857142857,-0.43042071197411,0.6142857142857143,-0.343042071197411,0.5857142857142857,-0.284789644012945,-0.06428571428571428,-0.24919093851132687,0.4,-0.3042071197411003,0.5571428571428572,-0.2686084142394822,0.55,-0.23948220064724918
1,left,0.0,0.0,-0.1390728476821192,-0.14285714285714285,-0.11920529801324503,-0.3088803088803089,0.046357615894039736,-0.42084942084942084,0.2185430463576159,-0.4517374517374517,-0.18543046357615894,-0.4015444015444015,-0.2251655629139073,-0.5945945945945946,-0.2251655629139073,-0.7374517374517374,-0.24503311258278146,-0.8378378378378378,-0.09271523178807947,-0.37065637065637064,0.271523178807947,-0.5521235521235521,0.4304635761589404,-0.47104247104247104,0.4304635761589404,-0.4015444015444015,0.059602649006622516,-0.3127413127413127,0.4304635761589404,-0.4826254826254826,0.543046357615894,-0.4092664092664093,0.5099337748344371,-0.33976833976833976,0.23178807947019867,-0.25868725868725867,0.5496688741721855,-0.3667953667953668,0.5960264900662252,-0.305019305019305,0.543046357615894,-0.25096525096525096
1,left,0.0,0.0,-0.07975460122699386,-0.17328519855595667,-0.05521472392638037,-0.35018050541516244,0.08588957055214724,-0.45126353790613716,0.25153374233128833,-0.5018050541516246,-0.1901840490797546,-0.4368231046931408,-0.25153374233128833,-0.6245487364620939,-0.2822085889570552,-0.7436823104693141,-0.31901840490797545,-0.8339350180505415,-0.1165644171779141,-0.44765342960288806,0.20245398773006135,-0.6425992779783394,0.3619631901840491,-0.5631768953068592,0.36809815950920244,-0.49097472924187724,0.024539877300613498,-0.4223826714801444,0.3496932515337423,-0.5812274368231047,0.4539877300613497,-0.49458483754512633,0.4233128834355828,-0.4296028880866426,0.18404907975460122,-0.37545126353790614,0.4539877300613497,-0.4584837545126354,0.5214723926380368,-0.3935018050541516,0.49693251533742333,-0.34296028880866425
1,left,0.0,0.0,-0.13953488372093023,-0.18835616438356165,-0.015503875968992248,-0.3458904109589041,0.2558139534883721,-0.4178082191780822,0.49612403100775193,-0.4349315068493151,-0.03875968992248062,-0.4315068493150685,0.10852713178294573,-0.6301369863013698,0.21705426356589147,-0.7465753424657534,0.29457364341085274,-0.8356164383561644,0.20155038759689922,-0.4075342465753425,0.5271317829457365,-0.5616438356164384,0.5271317829457365,-0.4931506849315068,0.4263565891472868,-0.4280821917808219,0.43410852713178294,-0.3561643835616438,0.6821705426356589,-0.4863013698630137,0.6356589147286822,-0.4315068493150685,0.5271317829457365,-0.386986301369863,0.6124031007751938,-0.2876712328767123,0.7054263565891473,-0.3801369863013699,0.6434108527131783,-0.3424657534246575,0.5658914728682171,-0.3047945205479452
1,left,0.0,0.0,-0.06790123456790123,-0.2191780821917808,0.08024691358024691,-0.3904109589041096,0.30864197530864196,-0.4589041095890411,0.5,-0.4691780821917808,0.24074074074074073,-0.4589041095890411,0.4567901234567901,-0.6506849315068494,0.5925925925925926,-0.7534246575342466,0.691358024691358,-0.8356164383561644,0.42592592592592593,-0.3938356164383562,0.7160493827160493,-0.5171232876712328,0.6358024691358025,-0.4657534246575342,0.5061728395061729,-0.4143835616438356,0.5617283950617284,-0.3047945205479452,0.7716049382716049,-0.4075342465753425,0.6790123456790124,-0.3767123287671233,0.5679012345679012,-0.3321917808219178,0.6481481481481481,-0.21232876712328766,0.6975308641975309,-0.2910958904109589,0.6111111111111112,-0.273972602739726,0.5308641975308642,-0.24315068493150685
1,left,0.0,0.0,0.018292682926829267,-0.21428571428571427,0.2073170731707317,-0.3821428571428571,0.4268292682926829,-0.4857142857142857,0.6097560975609756,-0.55,0.23780487804878048,-0.45,0.4329268292682927,-0.6428571428571429,0.5792682926829268,-0.7535714285714286,0.6890243902439024,-0.8357142857142857,0.3719512195121951,-0.37142857142857144,0.7865853658536586,-0.4785714285714286,0.7682926829268293,-0.4035714285714286,0.6585365853658537,-0.3535714285714286,0.49390243902439024,-0.26785714285714285,0.8414634146341463,-0.35714285714285715,0.774390243902439,-0.30357142857142855,0.6585365853658537,-0.2714285714285714,0.573170731707317,-0.16071428571428573,0.7987804878048781,-0.2392857142857143,0.725609756097561,-0.20714285714285716,0.6280487804878049,-0.17857142857142858
2,right,0.0,0.0,-0.20689655172413793,-0.005714285714285714,-0.39655172413793105,-0.06285714285714286,-0.4396551724137931,-0.13714285714285715,-0.35344827586206895,-0.21714285714285714,-0.49137931034482757,-0.3485714285714286,-0.6551724137931034,-0.49142857142857144,-0.75,-0.5885714285714285,-0.8189655172413793,-0.68,-0.31896551724137934,-0.38285714285714284,-0.4224137931034483,-0.5885714285714285,-0.5,-0.7142857142857143,-0.5431034482758621,-0.84,-0.13793103448275862,-0.36,-0.21551724137931033,-0.41714285714285715,-0.25,-0.2742857142857143,-0.25,-0.18285714285714286,0.02586206896551724,-0.2857142857142857,-0.07758620689655173,-0.30857142857142855,-0.15517241379310345,-0.21142857142857144,-0.1724137931034483,-0.14857142857142858
2,right,0.0,0.0,-0.22857142857142856,-0.016129032258064516,-0.42857142857142855,-0.0967741935483871,-0.45714285714285713,-0.1827956989247312,-0.38095238095238093,-0.25806451612903225,-0.47619047619047616,-0.3763440860215054,-0.6285714285714286,-0.5161290322580645,-0.7142857142857143,-0.6129032258064516,-0.7714285714285715,-0.7043010752688172,-0.29523809523809524,-0.3978494623655914,-0.3619047619047619,-0.5967741935483871,-0.41904761904761906,-0.7258064516129032,-0.44761904761904764,-0.8387096774193549,-0.09523809523809523,-0.3602150537634409,-0.1619047619047619,-0.43548387096774194,-0.23809523809523808,-0.3010752688172043,-0.2571428571428571,-0.20967741935483872,0.0761904761904762,-0.2849462365591398,-0.047619047619047616,-0.3172043010752688,-0.12380952380952381,-0.23118279569892472,-0.14285714285714285,-0.17204301075268819
2,right,0.0,0.0,-0.2840909090909091,-0.03553299492385787,-0.5,-0.1319796954314721,-0.5340909090909091,-0.2233502538071066,-0.4431818181818182,-0.3096446700507614,-0.4772727272727273,-0.39593908629441626,-0.6022727272727273,-0.5482233502538071,-0.6704545454545454,-0.6446700507614214,-0.7159090909090909,-0.7309644670050761,-0.25,-0.4010152284263959,-0.26136363636363635,-0.6091370558375635,-0.3068181818181818,-0.7309644670050761,-0.3181818181818182,-0.8375634517766497,-0.045454545454545456,-0.3604060913705584,-0.13636363636363635,-0.4517766497461929,-0.2840909090909091,-0.3350253807106599,-0.32954545454545453,-0.25380710659898476,0.125,-0.27918781725888325,-0.03409090909090909,-0.3401015228426396,-0.1590909090909091,-0.2639593908629442,-0.19318181818181818,-0.20304568527918782
2,right,0.0,0.0,-0.3333333333333333,-0.0825242718446602,-0.5308641975308642,-0.19902912621359223,-0.6419753086419753,-0.2961165048543689,-0.5061728395061729,-0.34951456310679613,-0.24691358024691357,-0.4174757281553398,-0.2839506172839506,-0.5825242718446602,-0.25925925925925924,-0.6844660194174758,-0.2222222222222222,-0.7669902912621359,-0.024691358024691357,-0.4029126213592233,0.07407407407407407,-0.5970873786407767,0.13580246913580246,-0.7281553398058253,0.19753086419753085,-0.8349514563106796,0.14814814814814814,-0.34951456310679613,-0.07407407407407407,-0.46116504854368934,-0.30864197530864196,-0.3737864077669903,-0.41975308641975306,-0.2961165048543689,0.20987654320987653,-0.2669902912621359,-0.07407407407407407,-0.3300970873786408,-0.2716049382716049,-0.2766990291262136,-0.37037037037037035,-0.22330097087378642
2,right,0.0,0.0,-0.1935483870967742,-0.10552763819095477,-0.27419354838709675,-0.25125628140703515,-0.3064516129032258,-0.37185929648241206,-0.1774193548387097,-0.40703517587939697,-0.008064516129032258,-0.4623115577889447,0.04838709677419355,-0.6432160804020101,0.11290322580645161,-0.7487437185929648,0.1774193548387097,-0.8291457286432161,0.14516129032258066,-0.4221105527638191,0.31451612903225806,-0.6180904522613065,0.4274193548387097,-0.7386934673366834,0.532258064516129,-0.8391959798994975,0.23387096774193547,-0.3417085427135678,0.18548387096774194,-0.4824120603015075,-0.016129032258064516,-0.41708542713567837,-0.12903225806451613,-0.35678391959798994,0.25806451612903225,-0.24623115577889448,0.16129032258064516,-0.35175879396984927,-0.008064516129032258,-0.32160804020100503,-0.11290322580645161,-0.271356783919598
2,right,0.0,0.0,-0.12179487179487179,-0.11428571428571428,-0.19230769230769232,-0.24761904761904763,-0.1858974358974359,-0.3523809523809524,-0.07051282051282051,-0.3523809523809524,0.08333333333333333,-0.4714285714285714,0.16666666666666666,-0.6476190476190476,0.22435897435897437,-0.7523809523809524,0.2948717948717949,-0.8380952380952381,0.20512820512820512,-0.40476190476190477,0.391025641025641,-0.5714285714285714,0.5192307692307693,-0.680952380952381,0.6410256410256411,-0.7761904761904762,0.2692307692307692,-0.29523809523809524,0.2564102564102564,-0.3761904761904762,0.0641025641025641,-0.32857142857142857,-0.05128205128205128,-0.2857142857142857,0.2692307692307692,-0.17142857142857143,0.21794871794871795,-0.24761904761904763,0.07051282051282051,-0.23809523809523808,-0.04487179487179487,-0.21904761904761905
2,right,0.0,0.0,-0.15671641791044777,-0.11059907834101383,-0.26119402985074625,-0.2304147465437788,-0.2537313432835821,-0.3225806451612903,-0.1417910447761194,-0.31797235023041476,0.022388059701492536,-0.4608294930875576,0.07462686567164178,-0.6359447004608295,0.11194029850746269,-0.7419354838709677,0.16417910447761194,-0.8341013824884793,0.1791044776119403,-0.4055299539170507,0.34328358208955223,-0.5806451612903226,0.4626865671641791,-0.6912442396313364,0.5746268656716418,-0.783410138248848,0.27611940298507465,-0.30414746543778803,0.22388059701492538,-0.3686635944700461,0.022388059701492536,-0.3225806451612903,-0.09701492537313433,-0.28110599078341014,0.291044776119403,-0.17972350230414746,0.208955223880597,-0.23963133640552994,0.029850746268656716,-0.2304147465437788,-0.09701492537313433,-0.2073732718894009
2,right,0.0,0.0,-0.2717391304347826,-0.07075471698113207,-0.4891304347826087,-0.16037735849056603,-0.4891304347826087,-0.2028301886792453,-0.32608695652173914,-0.20754716981132076,-0.31521739130434784,-0.42452830188679247,-0.41304347826086957,-0.6132075471698113,-0.4782608695652174,-0.7264150943396226,-0.4891304347826087,-0.8254716981132075,-0.010869565217391304,-0.41509433962264153,0.03260869565217391,-0.5943396226415094,0.07608695652173914,-0.7169811320754716,0.17391304347826086,-0.839622641509434,0.21739130434782608,-0.33490566037735847,0.07608695652173914,-0.3018867924528302,-0.13043478260869565,-0.22169811320754718,-0.21739130434782608,-0.1792452830188679,0.358695652173913,-0.2169811320754717,0.13043478260869565,-0.16037735849056603,-0.08695652173913043,-0.12264150943396226,-0.18478260869565216,-0.10849056603773585
2,right,0.0,0.0,-0.14285714285714285,0.02586206896551724,-0.2857142857142857,0.0,-0.3333333333333333,-0.06896551724137931,-0.3401360544217687,-0.19827586206896552,-0.46258503401360546,-0.3793103448275862,-0.6258503401360545,-0.49137931034482757,-0.7414965986394558,-0.5689655172413793,-0.8367346938775511,-0.6206896551724138,-0.3469387755102041,-0.46551724137931033,-0.46258503401360546,-0.6982758620689655,-0.564625850340136,-0.7672413793103449,-0.6530612244897959,-0.8189655172413793,-0.19727891156462585,-0.47413793103448276,-0.2653061224489796,-0.5344827586206896,-0.25170068027210885,-0.3103448275862069,-0.23129251700680273,-0.1810344827586207,-0.047619047619047616,-0.41379310344827586,-0.12244897959183673,-0.4051724137931034,-0.14965986394557823,-0.2413793103448276,-0.14965986394557823,-0.14655172413793102
2,right,0.0,0.0,-0.25961538461538464,-0.05699481865284974,-0.4423076923076923,-0.15544041450777202,-0.47115384615384615,-0.2538860103626943,-0.3557692307692308,-0.32124352331606215,-0.375,-0.41450777202072536,-0.5096153846153846,-0.5492227979274611,-0.5961538461538461,-0.6424870466321243,-0.6730769230769231,-0.7253886010362695,-0.16346153846153846,-0.42487046632124353,-0.14423076923076922,-0.6217616580310881,-0.18269230769230768,-0.7305699481865285,-0.22115384615384615,-0.8341968911917098,0.019230769230769232,-0.37305699481865284,-0.057692307692307696,-0.45077720207253885,-0.20192307692307693,-0.34196891191709844,-0.2692307692307692,-0.25906735751295334,0.17307692307692307,-0.2849740932642487,0.057692307692307696,-0.34196891191709844,-0.10576923076923077,-0.2694300518134715,-0.19230769230769232,-0.20725388601036268
2,right,0.0,0.0,-0.26262626262626265,-0.06547619047619048,-0.48484848484848486,-0.19047619047619047,-0.5757575757575758,-0.2976190476190476,-0.40404040404040403,-0.3392857142857143,-0.35353535353535354,-0.5178571428571429,-0.46464646464646464,-0.6666666666666666,-0.5454545454545454,-0.7559523809523809,-0.6363636363636364,-0.7797619047619048,-0.1111111111111111,-0.5178571428571429,0.010101010101010102,-0.7142857142857143,-0.0707070707070707,-0.8095238095238095,-0.18181818181818182,-0.8333333333333334,0.08080808080808081,-0.44642857142857145,-0.0707070707070707,-0.4880952380952381,-0.2222222222222222,-0.35714285714285715,-0.2828282828282828,-0.2619047619047619,0.20202020202020202,-0.3392857142857143,-0.010101010101010102,-0.3333333333333333,-0.16161616161616163,-0.25,-0.2222222222222222,-0.19047619047619047
2,right,0.0,0.0,-0.27956989247311825,-0.07017543859649122,-0.5268817204301075,-0.19298245614035087,-0.6451612903225806,-0.2982456140350877,-0.46236559139784944,-0.32748538011695905,-0.3548387096774194,-0.5263157894736842,-0.3655913978494624,-0.6900584795321637,-0.40860215053763443,-0.783625730994152,-0.4838709677419355,-0.8362573099415205,-0.11827956989247312,-0.52046783625731,-0.021505376344086023,-0.7192982456140351,-0.12903225806451613,-0.8011695906432749,-0.26881720430107525,-0.8304093567251462,0.08602150537634409,-0.45614035087719296,-0.0967741935483871,-0.5029239766081871,-0.26881720430107525,-0.38011695906432746,-0.3548387096774194,-0.2807017543859649,0.20430107526881722,-0.34502923976608185,-0.043010752688172046,-0.3333333333333333,-0.20430107526881722,-0.2573099415204678,-0.27956989247311825,-0.19298245614035087
2,right,0.0,0.0,-0.24761904761904763,-0.07058823529411765,-0.4666666666666667,-0.19411764705882353,-0.5619047619047619,-0.29411764705882354,-0.41904761904761906,-0.3352941176470588,-0.34285714285714286,-0.5176470588235295,-0.4857142857142857,-0.6705882352941176,-0.5714285714285714,-0.7588235294117647,-0.6666666666666666,-0.8,-0.11428571428571428,-0.5235294117647059,-0.02857142857142857,-0.7235294117647059,-0.11428571428571428,-0.8117647058823529,-0.22857142857142856,-0.8352941176470589,0.06666666666666667,-0.4588235294117647,-0.09523809523809523,-0.49411764705882355,-0.24761904761904763,-0.36470588235294116,-0.3047619047619048,-0.2647058823529412,0.18095238095238095,-0.3588235294117647,-0.047619047619047616,-0.3235294117647059,-0.19047619047619047,-0.2411764705882353,-0.24761904761904763,-0.18235294117647058
2,right,0.0,0.0,-0.27956989247311825,-0.06857142857142857,-0.5376344086021505,-0.19428571428571428,-0.6451612903225806,-0.29714285714285715,-0.4838709677419355,-0.3314285714285714,-0.3763440860215054,-0.5142857142857142,-0.41935483870967744,-0.68,-0.4731182795698925,-0.7771428571428571,-0.5591397849462365,-0.8342857142857143,-0.13978494623655913,-0.5085714285714286,-0.07526881720430108,-0.7028571428571428,-0.1827956989247312,-0.7885714285714286,-0.3225806451612903,-0.84,0.06451612903225806,-0.44571428571428573,-0.12903225806451613,-0.4857142857142857,-0.2903225806451613,-0.3657142857142857,-0.3655913978494624,-0.2742857142857143,0.20430107526881722,-0.34285714285714286,-0.06451612903225806,-0.3314285714285714,-0.22580645161290322,-0.24571428571428572,-0.27956989247311825,-0.18857142857142858
2,right,0.0,0.0,-0.24074074074074073,-0.06470588235294118,-0.46296296296296297,-0.18823529411764706,-0.5555555555555556,-0.28823529411764703,-0.4166666666666667,-0.3235294117647059,-0.35185185185185186,-0.5058823529411764,-0.49074074074074076,-0.6705882352941176,-0.5740740740740741,-0.7647058823529411,-0.6666666666666666,-0.8294117647058824,-0.1388888888888889,-0.5176470588235295,-0.06481481481481481,-0.7176470588235294,-0.14814814814814814,-0.8,-0.25925925925925924,-0.8352941176470589,0.046296296296296294,-0.45294117647058824,-0.12037037037037036,-0.4764705882352941,-0.25925925925925924,-0.35294117647058826,-0.3148148148148148,-0.25882352941176473,0.16666666666666666,-0.34705882352941175,-0.05555555555555555,-0.3235294117647059,-0.18518518518518517,-0.23529411764705882,-0.24074074074074073,-0.17647058823529413
2,right,0.0,0.0,-0.27956989247311825,-0.0582010582010582,-0.5376344086021505,-0.164021164021164,-0.6559139784946236,-0.25396825396825395,-0.5053763440860215,-0.2751322751322751,-0.3870967741935484,-0.455026455026455,-0.45161290322580644,-0.6137566137566137,-0.5268817204301075,-0.708994708994709,-0.6129032258064516,-0.783068783068783,-0.15053763440860216,-0.455026455026455,-0.12903225806451613,-0.6402116402116402,-0.21505376344086022,-0.746031746031746,-0.3225806451612903,-0.8412698412698413,0.06451612903225806,-0.4021164021164021,-0.15053763440860216,-0.42328042328042326,-0.3118279569892473,-0.31746031746031744,-0.3763440860215054,-0.24867724867724866,0.1935483870967742,-0.30687830687830686,-0.06451612903225806,-0.2857142857142857,-0.22580645161290322,-0.21164021164021163,-0.27956989247311825,-0.15873015873015872
2,right,0.0,0.0,-0.24761904761904763,-0.04878048780487805,-0.47619047619047616,-0.14146341463414633,-0.5428571428571428,-0.21951219512195122,-0.41904761904761906,-0.24878048780487805,-0.4,-0.4097560975609756,-0.5428571428571428,-0.5560975609756098,-0.6285714285714286,-0.6439024390243903,-0.6761904761904762,-0.7268292682926829,-0.17142857142857143,-0.4195121951219512,-0.2,-0.6,-0.20952380952380953,-0.7268292682926829,-0.20952380952380953,-0.8341463414634146,0.02857142857142857,-0.37073170731707317,-0.13333333333333333,-0.3902439024390244,-0.2571428571428571,-0.28292682926829266,-0.3047619047619048,-0.2097560975609756,0.17142857142857143,-0.28780487804878047,-0.05714285714285714,-0.25853658536585367,-0.18095238095238095,-0.1902439024390244,-0.22857142857142856,-0.14146341463414633
2,right,0.0,0.0,-0.23214285714285715,-0.04878048780487805,-0.45535714285714285,-0.14146341463414633,-0.5178571428571429,-0.22439024390243903,-0.375,-0.2634146341463415,-0.39285714285714285,-0.4,-0.5446428571428571,-0.5365853658536586,-0.6428571428571429,-0.624390243902439,-0.6875,-0.7073170731707317,-0.1875,-0.4146341463414634,-0.22321428571428573,-0.6048780487804878,-0.24107142857142858,-0.7219512195121951,-0.22321428571428573,-0.8341463414634146,0.008928571428571428,-0.375609756097561,-0.125,-0.40487804878048783,-0.24107142857142858,-0.2926829268292683,-0.2857142857142857,-0.21951219512195122,0.15178571428571427,-0.2926829268292683,-0.044642857142857144,-0.2780487804878049,-0.16071428571428573,-0.2048780487804878,-0.20535714285714285,-0.15121951219512195
2,right,0.0,0.0,-0.25,-0.049019607843137254,-0.4722222222222222,-0.14215686274509803,-0.5462962962962963,-0.22058823529411764,-0.4074074074074074,-0.2647058823529412,-0.4166666666666667,-0.39705882352941174,-0.5555555555555556,-0.5392156862745098,-0.6388888888888888,-0.6323529411764706,-0.6851851851851852,-0.7156862745098039,-0.2037037037037037,-0.4117647058823529,-0.25,-0.6029411764705882,-0.26851851851851855,-0.7254901960784313,-0.26851851851851855,-0.8333333333333334,0.0,-0.37254901960784315,-0.14814814814814814,-0.4019607843137255,-0.25925925925925924,-0.28921568627450983,-0.3055555555555556,-0.2107843137254902,0.14814814814814814,-0.29411764705882354,-0.05555555555555555,-0.27941176470588236,-0.18518518518518517,-0.20588235294117646,-0.2222222222222222,-0.15196078431372548
2,right,0.0,0.0,-0.27184466019417475,-0.050761421319796954,-0.5145631067961165,-0.14213197969543148,-0.6116504854368932,-0.22842639593908629,-0.47572815533980584,-0.27411167512690354,-0.46601941747572817,-0.41116751269035534,-0.5922330097087378,-0.5685279187817259,-0.6699029126213593,-0.6700507614213198,-0.7184466019417476,-0.7614213197969543,-0.24271844660194175,-0.4263959390862944,-0.33980582524271846,-0.6091370558375635,-0.4077669902912621,-0.7309644670050761,-0.4368932038834951,-0.8375634517766497,-0.02912621359223301,-0.38578680203045684,-0.20388349514563106,-0.41624365482233505,-0.3300970873786408,-0.29949238578680204,-0.3786407766990291,-0.2182741116751269,0.1262135922330097,-0.30456852791878175,-0.10679611650485436,-0.2893401015228426,-0.23300970873786409,-0.20812182741116753,-0.2815533980582524,-0.15228426395939088
2,right,0.0,0.0,-0.3068181818181818,-0.07035175879396985,-0.5568181818181818,-0.17587939698492464,-0.6590909090909091,-0.2814070351758794,-0.5,-0.33668341708542715,-0.4318181818181818,-0.4271356783919598,-0.5454545454545454,-0.592964824120603,-0.5909090909090909,-0.6984924623115578,-0.6136363636363636,-0.7939698492462312,-0.19318181818181818,-0.4371859296482412,-0.3068181818181818,-0.6130653266331658,-0.36363636363636365,-0.7336683417085427,-0.3977272727272727,-0.8391959798994975,0.03409090909090909,-0.3969849246231156,-0.17045454545454544,-0.45226130653266333,-0.32954545454545453,-0.3417085427135678,-0.4090909090909091,-0.2562814070351759,0.18181818181818182,-0.3165829145728643,-0.09090909090909091,-0.32160804020100503,-0.29545454545454547,-0.2663316582914573,-0.3977272727272727,-0.21608040201005024
2,right,0.0,0.0,-0.3,-0.07246376811594203,-0.5444444444444444,-0.17391304347826086,-0.6444444444444445,-0.2753623188405797,-0.4777777777777778,-0.3140096618357488,-0.4,-0.4251207729468599,-0.5222222222222223,-0.5797101449275363,-0.5888888888888889,-0.6763285024154589,-0.6222222222222222,-0.7632850241545893,-0.15555555555555556,-0.4251207729468599,-0.2222222222222222,-0.6086956521739131,-0.24444444444444444,-0.7294685990338164,-0.25555555555555554,-0.8357487922705314,0.06666666666666667,-0.37681159420289856,-0.14444444444444443,-0.43478260869565216,-0.3333333333333333,-0.3285024154589372,-0.4111111111111111,-0.2463768115942029,0.2,-0.2946859903381642,-0.08888888888888889,-0.30434782608695654,-0.28888888888888886,-0.2463768115942029,-0.4,-0.19806763285024154
2,right,0.0,0.0,-0.23478260869565218,-0.06220095693779904,-0.4260869565217391,-0.16267942583732056,-0.48695652173913045,-0.2679425837320574,-0.3826086956521739,-0.3349282296650718,-0.3391304347826087,-0.3875598086124402,-0.5217391304347826,-0.49760765550239233,-0.6434782608695652,-0.5598086124401914,-0.7304347826086957,-0.6220095693779905,-0.1826086956521739,-0.41148325358851673,-0.21739130434782608,-0.6076555023923444,-0.24347826086956523,-0.7320574162679426,-0.23478260869565218,-0.8373205741626795,-0.017391304347826087,-0.37320574162679426,-0.12173913043478261,-0.47368421052631576,-0.2608695652173913,-0.37799043062200954,-0.33043478260869563,-0.2966507177033493,0.11304347826086956,-0.3014354066985646,-0.05217391304347826,-0.3492822966507177,-0.21739130434782608,-0.31100478468899523,-0.3217391304347826,-0.2727272727272727
2,right,0.0,0.0,-0.2647058823529412,-0.0660377358490566,-0.49019607843137253,-0.16981132075471697,-0.5686274509803921,-0.2688679245283019,-0.46078431372549017,-0.32547169811320753,-0.3627450980392157,-0.41037735849056606,-0.5196078431372549,-0.5566037735849056,-0.6176470588235294,-0.6556603773584906,-0.6666666666666666,-0.7405660377358491,-0.16666666666666666,-0.419811320754717,-0.22549019607843138,-0.6084905660377359,-0.2549019607843137,-0.7311320754716981,-0.23529411764705882,-0.839622641509434,0.0392156862745098,-0.37264150943396224,-0.11764705882352941,-0.4481132075471698,-0.29411764705882354,-0.3584905660377358,-0.37254901960784315,-0.2830188679245283,0.17647058823529413,-0.28773584905660377,-0.0392156862745098,-0.32075471698113206,-0.23529411764705882,-0.28773584905660377,-0.35294117647058826,-0.25471698113207547
