1,0.0,0.0,-0.24752475247524752,-0.06153846153846154,-0.48514851485148514,-0.17435897435897435,-0.5841584158415841,-0.28717948717948716,-0.44554455445544555,-0.3641025641025641,-0.42574257425742573,-0.4256410256410256,-0.504950495049505,-0.6256410256410256,-0.5445544554455446,-0.7384615384615385,-0.5445544554455446,-0.8358974358974359,-0.19801980198019803,-0.4307692307692308,-0.33663366336633666,-0.5076923076923077,-0.3465346534653465,-0.3435897435897436,-0.297029702970297,-0.2564102564102564,0.0297029702970297,-0.40512820512820513,-0.10891089108910891,-0.4307692307692308,-0.13861386138613863,-0.28717948717948716,-0.10891089108910891,-0.22564102564102564,0.25742574257425743,-0.35384615384615387,0.13861386138613863,-0.38461538461538464,0.0594059405940594,-0.2923076923076923,0.04950495049504951,-0.24615384615384617
1,0.0,0.0,-0.21428571428571427,-0.04371584699453552,-0.42063492063492064,-0.14207650273224043,-0.5317460317460317,-0.2568306010928962,-0.4444444444444444,-0.34972677595628415,-0.42063492063492064,-0.4207650273224044,-0.5714285714285714,-0.6174863387978142,-0.6507936507936508,-0.73224043715847,-0.7063492063492064,-0.8360655737704918,-0.24603174603174602,-0.4426229508196721,-0.3888888888888889,-0.5245901639344263,-0.36507936507936506,-0.3551912568306011,-0.30952380952380953,-0.26229508196721313,-0.05555555555555555,-0.4262295081967213,-0.19047619047619047,-0.44808743169398907,-0.18253968253968253,-0.29508196721311475,-0.14285714285714285,-0.22950819672131148,0.1349206349206349,-0.3825136612021858,0.031746031746031744,-0.4098360655737705,-0.023809523809523808,-0.30601092896174864,-0.031746031746031744,-0.25136612021857924
1,0.0,0.0,-0.18439716312056736,-0.024390243902439025,-0.3900709219858156,-0.10975609756097561,-0.48936170212765956,-0.22560975609756098,-0.4326241134751773,-0.3475609756097561,-0.46099290780141844,-0.4146341463414634,-0.624113475177305,-0.6158536585365854,-0.7092198581560284,-0.7317073170731707,-0.7801418439716312,-0.8414634146341463,-0.2978723404255319,-0.4634146341463415,-0.425531914893617,-0.5365853658536586,-0.3546099290780142,-0.3475609756097561,-0.28368794326241137,-0.23780487804878048,-0.12056737588652482,-0.4695121951219512,-0.22695035460992907,-0.47560975609756095,-0.19148936170212766,-0.29878048780487804,-0.15602836879432624,-0.21951219512195122,0.06382978723404255,-0.43902439024390244,-0.028368794326241134,-0.4451219512195122,-0.05673758865248227,-0.31097560975609756,-0.05673758865248227,-0.24390243902439024
1,0.0,0.0,-0.20161290322580644,-0.016304347826086956,-0.41935483870967744,-0.09782608695652174,-0.5161290322580645,-0.20108695652173914,-0.41935483870967744,-0.29891304347826086,-0.4838709677419355,-0.40217391304347827,-0.6129032258064516,-0.5978260869565217,-0.6774193548387096,-0.7228260869565217,-0.7096774193548387,-0.8369565217391305,-0.2903225806451613,-0.44021739130434784,-0.41935483870967744,-0.4891304347826087,-0.3709677419354839,-0.32065217391304346,-0.3064516129032258,-0.2391304347826087,-0.08064516129032258,-0.44021739130434784,-0.18548387096774194,-0.42934782608695654,-0.1693548387096774,-0.27717391304347827,-0.13709677419354838,-0.22826086956521738,0.12903225806451613,-0.40217391304347827,0.04838709677419355,-0.3858695652173913,0.0,-0.2826086956521739,0.0,-0.24456521739130435
1,0.0,0.0,-0.25252525252525254,-0.04316546762589928,-0.5151515151515151,-0.1510791366906475,-0.6464646464646465,-0.2949640287769784,-0.5151515151515151,-0.4172661870503597,-0.5050505050505051,-0.5683453237410072,-0.5959595959595959,-0.841726618705036,-0.6464646464646465,-0.8201438848920863,-0.6363636363636364,-0.697841726618705,-0.2828282828282828,-0.5827338129496403,-0.45454545454545453,-0.6546762589928058,-0.42424242424242425,-0.4244604316546763,-0.36363636363636365,-0.3237410071942446,-0.050505050505050504,-0.5611510791366906,-0.18181818181818182,-0.5683453237410072,-0.1919191919191919,-0.3669064748201439,-0.16161616161616163,-0.302158273381295,0.1919191919191919,-0.5107913669064749,0.08080808080808081,-0.5107913669064749,0.020202020202020204,-0.37410071942446044,0.0,-0.31654676258992803
1,0.0,0.0,-0.27,-0.05673758865248227,-0.52,-0.1702127659574468,-0.62,-0.3262411347517731,-0.5,-0.45390070921985815,-0.52,-0.5673758865248227,-0.62,-0.8439716312056738,-0.65,-0.8226950354609929,-0.63,-0.7304964539007093,-0.28,-0.5815602836879432,-0.44,-0.6737588652482269,-0.42,-0.44680851063829785,-0.36,-0.3262411347517731,-0.05,-0.5602836879432624,-0.17,-0.5886524822695035,-0.19,-0.3829787234042553,-0.17,-0.2978723404255319,0.19,-0.5035460992907801,0.08,-0.5319148936170213,0.01,-0.3971631205673759,0.0,-0.3262411347517731
1,0.0,0.0,-0.22935779816513763,-0.05625,-0.46788990825688076,-0.1625,-0.5688073394495413,-0.29375,-0.45871559633027525,-0.40625,-0.45871559633027525,-0.49375,-0.5321100917431193,-0.675,-0.5963302752293578,-0.7625,-0.6605504587155964,-0.8375,-0.25688073394495414,-0.53125,-0.3944954128440367,-0.6125,-0.3761467889908257,-0.41875,-0.3211009174311927,-0.31875,-0.045871559633027525,-0.5125,-0.1559633027522936,-0.53125,-0.1651376146788991,-0.35625,-0.12844036697247707,-0.28125,0.1743119266055046,-0.4625,0.08256880733944955,-0.4875,0.01834862385321101,-0.3625,0.009174311926605505,-0.3
1,0.0,0.0,-0.23076923076923078,-0.03225806451612903,-0.47115384615384615,-0.12365591397849462,-0.5673076923076923,-0.23118279569892472,-0.4423076923076923,-0.3172043010752688,-0.47115384615384615,-0.42473118279569894,-0.5673076923076923,-0.6182795698924731,-0.625,-0.7365591397849462,-0.6442307692307693,-0.8387096774193549,-0.25,-0.44086021505376344,-0.36538461538461536,-0.5053763440860215,-0.3557692307692308,-0.3333333333333333,-0.3076923076923077,-0.24731182795698925,-0.019230769230769232,-0.41935483870967744,-0.11538461538461539,-0.43548387096774194,-0.14423076923076922,-0.27956989247311825,-0.125,-0.21505376344086022,0.20192307692307693,-0.3655913978494624,0.11538461538461539,-0.3870967741935484,0.038461538461538464,-0.27956989247311825,0.009615384615384616,-0.23118279569892472
1,0.0,0.0,-0.25,-0.04975124378109453,-0.48,-0.15422885572139303,-0.59,-0.25870646766169153,-0.45,-0.3333333333333333,-0.43,-0.4228855721393035,-0.5,-0.6169154228855721,-0.53,-0.736318407960199,-0.53,-0.8407960199004975,-0.2,-0.4228855721393035,-0.33,-0.5074626865671642,-0.35,-0.34328358208955223,-0.3,-0.2537313432835821,0.03,-0.3880597014925373,-0.09,-0.42786069651741293,-0.14,-0.27860696517412936,-0.11,-0.21393034825870647,0.25,-0.3283582089552239,0.16,-0.373134328358209,0.06,-0.27860696517412936,0.03,-0.22885572139303484
1,0.0,0.0,-0.2761904761904762,-0.09259259259259259,-0.47619047619047616,-0.22685185185185186,-0.5904761904761905,-0.3425925925925926,-0.47619047619047616,-0.4212962962962963,-0.22857142857142856,-0.4675925925925926,-0.2571428571428571,-0.6342592592592593,-0.26666666666666666,-0.7407407407407407,-0.23809523809523808,-0.8333333333333334,-0.02857142857142857,-0.4537037037037037,-0.26666666666666666,-0.5185185185185185,-0.3619047619047619,-0.37037037037037035,-0.3142857142857143,-0.2916666666666667,0.13333333333333333,-0.4027777777777778,-0.14285714285714285,-0.4212962962962963,-0.22857142857142856,-0.2916666666666667,-0.1619047619047619,-0.24074074074074073,0.2571428571428571,-0.32407407407407407,0.0,-0.3333333333333333,-0.08571428571428572,-0.25462962962962965,-0.0380952380952381,-0.2175925925925926
1,0.0,0.0,-0.2621359223300971,-0.11737089201877934,-0.42718446601941745,-0.25821596244131456,-0.5048543689320388,-0.3755868544600939,-0.3883495145631068,-0.460093896713615,-0.05825242718446602,-0.48826291079812206,-0.02912621359223301,-0.6431924882629108,-0.019417475728155338,-0.755868544600939,0.019417475728155338,-0.8403755868544601,0.1262135922330097,-0.460093896713615,-0.11650485436893204,-0.5539906103286385,-0.2815533980582524,-0.4131455399061033,-0.27184466019417475,-0.3333333333333333,0.2621359223300971,-0.40375586854460094,-0.05825242718446602,-0.431924882629108,-0.17475728155339806,-0.30985915492957744,-0.11650485436893204,-0.26291079812206575,0.33980582524271846,-0.3145539906103286,0.038834951456310676,-0.323943661971831,-0.04854368932038835,-0.24882629107981222,0.02912621359223301,-0.22065727699530516
1,0.0,0.0,-0.23529411764705882,-0.12440191387559808,-0.35294117647058826,-0.2679425837320574,-0.39215686274509803,-0.37799043062200954,-0.27450980392156865,-0.45933014354066987,0.0784313725490196,-0.48325358851674644,0.1568627450980392,-0.6411483253588517,0.20588235294117646,-0.7559808612440191,0.28431372549019607,-0.8373205741626795,0.27450980392156865,-0.4449760765550239,0.0392156862745098,-0.5358851674641149,-0.16666666666666666,-0.40669856459330145,-0.18627450980392157,-0.3253588516746411,0.4019607843137255,-0.37799043062200954,0.06862745098039216,-0.42105263157894735,-0.09803921568627451,-0.3062200956937799,-0.0784313725490196,-0.2535885167464115,0.45098039215686275,-0.2822966507177033,0.12745098039215685,-0.2966507177033493,0.00980392156862745,-0.22966507177033493,0.058823529411764705,-0.20095693779904306
1,0.0,0.0,-0.26851851851851855,-0.11009174311926606,-0.42592592592592593,-0.24770642201834864,-0.5,-0.3577981651376147,-0.35185185185185186,-0.41284403669724773,-0.12037037037037036,-0.47706422018348627,-0.1111111111111111,-0.6422018348623854,-0.09259259259259259,-0.7477064220183486,-0.046296296296296294,-0.8348623853211009,0.08333333333333333,-0.4541284403669725,-0.12962962962962962,-0.5045871559633027,-0.26851851851851855,-0.3761467889908257,-0.26851851851851855,-0.29357798165137616,0.24074074074074073,-0.38990825688073394,-0.037037037037037035,-0.39908256880733944,-0.1574074074074074,-0.28440366972477066,-0.1388888888888889,-0.22477064220183487,0.3333333333333333,-0.2981651376146789,0.07407407407407407,-0.29357798165137616,-0.027777777777777776,-0.22477064220183487,0.009259259259259259,-0.19724770642201836
1,0.0,0.0,-0.25,-0.08256880733944955,-0.46296296296296297,-0.19724770642201836,-0.5648148148148148,-0.3119266055045872,-0.4074074074074074,-0.3532110091743119,-0.3611111111111111,-0.4541284403669725,-0.4074074074074074,-0.6330275229357798,-0.4166666666666667,-0.7385321100917431,-0.37962962962962965,-0.8348623853211009,-0.12962962962962962,-0.4541284403669725,-0.25925925925925924,-0.5091743119266054,-0.3148148148148148,-0.3440366972477064,-0.2777777777777778,-0.26605504587155965,0.08333333333333333,-0.41284403669724773,-0.08333333333333333,-0.39908256880733944,-0.14814814814814814,-0.26146788990825687,-0.10185185185185185,-0.21559633027522937,0.26851851851851855,-0.3440366972477064,0.09259259259259259,-0.3165137614678899,0.027777777777777776,-0.23394495412844038,0.05555555555555555,-0.21100917431192662
1,0.0,0.0,-0.3118279569892473,-0.05084745762711865,-0.5698924731182796,-0.15819209039548024,-0.6666666666666666,-0.2768361581920904,-0.5268817204301075,-0.3728813559322034,-0.5698924731182796,-0.423728813559322,-0.6989247311827957,-0.6214689265536724,-0.7419354838709677,-0.7401129943502824,-0.7526881720430108,-0.8418079096045198,-0.3548387096774194,-0.423728813559322,-0.46236559139784944,-0.536723163841808,-0.44086021505376344,-0.3615819209039548,-0.3870967741935484,-0.2655367231638418,-0.12903225806451613,-0.4011299435028249,-0.23655913978494625,-0.4689265536723164,-0.24731182795698925,-0.3107344632768362,-0.20430107526881722,-0.22598870056497175,0.0967741935483871,-0.3559322033898305,-0.010752688172043012,-0.4011299435028249,-0.07526881720430108,-0.2937853107344633,-0.06451612903225806,-0.23728813559322035
1,0.0,0.0,-0.30952380952380953,-0.027586206896551724,-0.5833333333333334,-0.11724137931034483,-0.6904761904761905,-0.2482758620689655,-0.6071428571428571,-0.36551724137931035,-0.5833333333333334,-0.4206896551724138,-0.6904761904761905,-0.6068965517241379,-0.7619047619047619,-0.7241379310344828,-0.7857142857142857,-0.8344827586206897,-0.36904761904761907,-0.4413793103448276,-0.5238095238095238,-0.5379310344827586,-0.4880952380952381,-0.35172413793103446,-0.4166666666666667,-0.2620689655172414,-0.16666666666666666,-0.43448275862068964,-0.2976190476190476,-0.45517241379310347,-0.2976190476190476,-0.2896551724137931,-0.23809523809523808,-0.22758620689655173,0.047619047619047616,-0.3931034482758621,-0.08333333333333333,-0.38620689655172413,-0.11904761904761904,-0.2827586206896552,-0.09523809523809523,-0.2413793103448276
1,0.0,0.0,-0.27058823529411763,-0.01834862385321101,-0.49411764705882355,-0.12844036697247707,-0.6,-0.27522935779816515,-0.5529411764705883,-0.42201834862385323,-0.6,-0.4036697247706422,-0.7411764705882353,-0.5963302752293578,-0.8,-0.7155963302752294,-0.8352941176470589,-0.8348623853211009,-0.4117647058823529,-0.43119266055045874,-0.49411764705882355,-0.5871559633027523,-0.4470588235294118,-0.4036697247706422,-0.4117647058823529,-0.29357798165137616,-0.2235294117647059,-0.44036697247706424,-0.3058823529411765,-0.5412844036697247,-0.2823529411764706,-0.3669724770642202,-0.24705882352941178,-0.27522935779816515,-0.03529411764705882,-0.41284403669724773,-0.11764705882352941,-0.4954128440366973,-0.12941176470588237,-0.3761467889908257,-0.11764705882352941,-0.30275229357798167
1,0.0,0.0,-0.20618556701030927,-0.020202020202020204,-0.41237113402061853,-0.16161616161616163,-0.4329896907216495,-0.36363636363636365,-0.35051546391752575,-0.494949494949495,-0.5051546391752577,-0.4444444444444444,-0.6701030927835051,-0.6262626262626263,-0.7628865979381443,-0.7373737373737373,-0.8350515463917526,-0.8383838383838383,-0.35051546391752575,-0.494949494949495,-0.4020618556701031,-0.6565656565656566,-0.3402061855670103,-0.46464646464646464,-0.28865979381443296,-0.3333333333333333,-0.18556701030927836,-0.5050505050505051,-0.21649484536082475,-0.5858585858585859,-0.17525773195876287,-0.3939393939393939,-0.15463917525773196,-0.31313131313131315,-0.020618556701030927,-0.46464646464646464,-0.061855670103092786,-0.5454545454545454,-0.05154639175257732,-0.3939393939393939,-0.041237113402061855,-0.3333333333333333
1,0.0,0.0,-0.1375,0.24444444444444444,-0.275,0.3111111111111111,-0.3125,0.24444444444444444,-0.325,0.15555555555555556,-0.5125,-0.044444444444444446,-0.6625,-0.24444444444444444,-0.775,-0.4,-0.85,-0.5555555555555556,-0.475,-0.2222222222222222,-0.4125,0.022222222222222223,-0.325,0.2222222222222222,-0.275,0.28888888888888886,-0.375,-0.3111111111111111,-0.3,0.022222222222222223,-0.2375,0.15555555555555556,-0.225,0.2,-0.2625,-0.3111111111111111,-0.2125,0.0,-0.175,0.13333333333333333,-0.1625,0.17777777777777778,0.0,0.0,-0.2079207920792079,-0.08333333333333333,-0.36633663366336633,-0.2857142857142857,-0.37623762376237624,-0.5119047619047619,-0.32673267326732675,-0.6666666666666666,-0.5346534653465347,-0.44047619047619047,-0.6831683168316832,-0.6071428571428571,-0.7722772277227723,-0.7261904761904762,-0.8415841584158416,-0.8333333333333334,-0.40594059405940597,-0.5357142857142857,-0.49504950495049505,-0.75,-0.42574257425742573,-0.6190476190476191,-0.37623762376237624,-0.4880952380952381,-0.25742574257425743,-0.5714285714285714,-0.297029702970297,-0.6904761904761905,-0.2376237623762376,-0.5357142857142857,-0.2079207920792079,-0.4642857142857143,-0.09900990099009901,-0.5476190476190477,-0.1485148514851485,-0.6666666666666666,-0.10891089108910891,-0.5357142857142857,-0.10891089108910891,-0.4523809523809524
1,0.0,0.0,-0.12790697674418605,0.1111111111111111,-0.2558139534883721,0.0,-0.29069767441860467,-0.24444444444444444,-0.27906976744186046,-0.4666666666666667,-0.37209302325581395,-0.17777777777777778,-0.5697674418604651,-0.37777777777777777,-0.686046511627907,-0.5777777777777777,-0.7674418604651163,-0.7555555555555555,-0.26744186046511625,-0.3333333333333333,-0.26744186046511625,-0.4888888888888889,-0.18604651162790697,-0.28888888888888886,-0.13953488372093023,-0.06666666666666667,-0.13953488372093023,-0.4222222222222222,-0.11627906976744186,-0.5111111111111111,-0.05813953488372093,-0.26666666666666666,-0.03488372093023256,-0.08888888888888889,0.0,-0.4444444444444444,0.023255813953488372,-0.5111111111111111,0.05813953488372093,-0.3111111111111111,0.06976744186046512,-0.15555555555555556,0.0,0.0,-0.20588235294117646,-0.029411764705882353,-0.38235294117647056,-0.23529411764705882,-0.4411764705882353,-0.5147058823529411,-0.43137254901960786,-0.7205882352941176,-0.5098039215686274,-0.38235294117647056,-0.6764705882352942,-0.5882352941176471,-0.7745098039215687,-0.7352941176470589,-0.8431372549019608,-0.8529411764705882,-0.39215686274509803,-0.4852941176470588,-0.45098039215686275,-0.7352941176470589,-0.37254901960784315,-0.5441176470588235,-0.3137254901960784,-0.38235294117647056,-0.2647058823529412,-0.5588235294117647,-0.30392156862745096,-0.7205882352941176,-0.23529411764705882,-0.5,-0.20588235294117646,-0.38235294117647056,-0.14705882352941177,-0.5735294117647058,-0.17647058823529413,-0.7058823529411765,-0.13725490196078433,-0.5441176470588235,-0.11764705882352941,-0.4411764705882353
1,0.0,0.0,-0.2597402597402597,-0.02631578947368421,-0.4935064935064935,-0.21052631578947367,-0.5584415584415584,-0.4342105263157895,-0.5064935064935064,-0.6052631578947368,-0.5844155844155844,-0.40789473684210525,-0.7402597402597403,-0.5921052631578947,-0.7922077922077922,-0.7236842105263158,-0.8441558441558441,-0.8421052631578947,-0.42857142857142855,-0.47368421052631576,-0.4935064935064935,-0.6973684210526315,-0.42857142857142855,-0.5263157894736842,-0.37662337662337664,-0.3684210526315789,-0.2597402597402597,-0.5131578947368421,-0.2987012987012987,-0.6578947368421053,-0.24675324675324675,-0.4605263157894737,-0.22077922077922077,-0.34210526315789475,-0.09090909090909091,-0.5131578947368421,-0.12987012987012986,-0.618421052631579,-0.11688311688311688,-0.47368421052631576,-0.09090909090909091,-0.3684210526315789
1,0.0,0.0,-0.3,-0.05747126436781609,-0.5666666666666667,-0.2413793103448276,-0.6,-0.4482758620689655,-0.5,-0.5862068965517241,-0.6,-0.42528735632183906,-0.7333333333333333,-0.5977011494252874,-0.7833333333333333,-0.7241379310344828,-0.8166666666666667,-0.8390804597701149,-0.4,-0.47126436781609193,-0.4666666666666667,-0.6551724137931034,-0.4166666666666667,-0.4942528735632184,-0.36666666666666664,-0.39080459770114945,-0.2,-0.47126436781609193,-0.25,-0.5977011494252874,-0.21666666666666667,-0.42528735632183906,-0.18333333333333332,-0.3448275862068966,0.016666666666666666,-0.45977011494252873,-0.05,-0.5517241379310345,-0.05,-0.4367816091954023,-0.03333333333333333,-0.367816091954023
1,0.0,0.0,-0.3114754098360656,-0.046296296296296294,-0.5737704918032787,-0.19444444444444445,-0.639344262295082,-0.37962962962962965,-0.4918032786885246,-0.5,-0.5081967213114754,-0.4166666666666667,-0.6229508196721312,-0.6018518518518519,-0.6885245901639344,-0.7314814814814815,-0.6885245901639344,-0.8333333333333334,-0.29508196721311475,-0.4351851851851852,-0.36065573770491804,-0.6111111111111112,-0.39344262295081966,-0.42592592592592593,-0.3442622950819672,-0.32407407407407407,-0.06557377049180328,-0.4166666666666667,-0.16393442622950818,-0.5462962962962963,-0.21311475409836064,-0.3611111111111111,-0.18032786885245902,-0.26851851851851855,0.14754098360655737,-0.3611111111111111,0.03278688524590164,-0.46296296296296297,-0.04918032786885246,-0.3425925925925926,-0.01639344262295082,-0.26851851851851855
1,0.0,0.0,-0.2753623188405797,-0.045454545454545456,-0.5362318840579711,-0.1893939393939394,-0.6086956521739131,-0.32575757575757575,-0.5072463768115942,-0.4318181818181818,-0.42028985507246375,-0.42424242424242425,-0.5507246376811594,-0.6136363636363636,-0.6376811594202898,-0.7272727272727273,-0.6521739130434783,-0.8333333333333334,-0.21739130434782608,-0.4318181818181818,-0.34782608695652173,-0.553030303030303,-0.391304347826087,-0.3787878787878788,-0.34782608695652173,-0.2727272727272727,-0.014492753623188406,-0.4015151515151515,-0.17391304347826086,-0.48484848484848486,-0.21739130434782608,-0.30303030303030304,-0.15942028985507245,-0.22727272727272727,0.2028985507246377,-0.3484848484848485,0.028985507246376812,-0.4090909090909091,-0.043478260869565216,-0.29545454545454547,0.0,-0.23484848484848486
1,0.0,0.0,-0.28205128205128205,-0.06711409395973154,-0.5512820512820513,-0.20134228187919462,-0.6666666666666666,-0.3288590604026846,-0.5641025641025641,-0.4429530201342282,-0.358974358974359,-0.4429530201342282,-0.44871794871794873,-0.6241610738255033,-0.5256410256410257,-0.7449664429530202,-0.5512820512820513,-0.8389261744966443,-0.1794871794871795,-0.44966442953020136,-0.38461538461538464,-0.5302013422818792,-0.44871794871794873,-0.3624161073825503,-0.38461538461538464,-0.2751677852348993,0.0,-0.4228187919463087,-0.24358974358974358,-0.48322147651006714,-0.3076923076923077,-0.3221476510067114,-0.23076923076923078,-0.2483221476510067,0.1794871794871795,-0.3691275167785235,-0.07692307692307693,-0.40939597315436244,-0.15384615384615385,-0.30201342281879195,-0.08974358974358974,-0.2483221476510067
1,0.0,0.0,-0.35064935064935066,-0.06578947368421052,-0.6363636363636364,-0.18421052631578946,-0.8181818181818182,-0.2894736842105263,-0.7922077922077922,-0.40131578947368424,-0.42857142857142855,-0.4868421052631579,-0.5714285714285714,-0.6447368421052632,-0.6883116883116883,-0.756578947368421,-0.7662337662337663,-0.8421052631578947,-0.2597402597402597,-0.5,-0.5974025974025974,-0.5657894736842105,-0.6623376623376623,-0.3815789473684211,-0.5714285714285714,-0.3026315789473684,-0.1038961038961039,-0.48026315789473684,-0.4675324675324675,-0.46710526315789475,-0.4935064935064935,-0.3026315789473684,-0.38961038961038963,-0.25,0.025974025974025976,-0.40789473684210525,-0.3116883116883117,-0.3815789473684211,-0.33766233766233766,-0.26973684210526316,-0.23376623376623376,-0.23684210526315788
1,0.0,0.0,-0.30434782608695654,-0.06172839506172839,-0.5869565217391305,-0.17901234567901234,-0.717391304347826,-0.3148148148148148,-0.6195652173913043,-0.42592592592592593,-0.5108695652173914,-0.4506172839506173,-0.6630434782608695,-0.6296296296296297,-0.75,-0.7407407407407407,-0.782608695652174,-0.8395061728395061,-0.32608695652173914,-0.46296296296296297,-0.5,-0.5802469135802469,-0.5108695652173914,-0.41358024691358025,-0.44565217391304346,-0.3333333333333333,-0.13043478260869565,-0.4506172839506173,-0.32608695652173914,-0.49382716049382713,-0.34782608695652173,-0.3333333333333333,-0.2717391304347826,-0.2777777777777778,0.06521739130434782,-0.3950617283950617,-0.14130434782608695,-0.41975308641975306,-0.1956521739130435,-0.30246913580246915,-0.13043478260869565,-0.25925925925925924
1,0.0,0.0,-0.26804123711340205,-0.05851063829787234,-0.4948453608247423,-0.19148936170212766,-0.4948453608247423,-0.34574468085106386,-0.38144329896907214,-0.4627659574468085,-0.5154639175257731,-0.4148936170212766,-0.6288659793814433,-0.6063829787234043,-0.6597938144329897,-0.7340425531914894,-0.6804123711340206,-0.8404255319148937,-0.27835051546391754,-0.4308510638297872,-0.31958762886597936,-0.5531914893617021,-0.30927835051546393,-0.40425531914893614,-0.30927835051546393,-0.3191489361702128,-0.05154639175257732,-0.40425531914893614,-0.08247422680412371,-0.4787234042553192,-0.12371134020618557,-0.32978723404255317,-0.12371134020618557,-0.2712765957446808,0.15463917525773196,-0.35106382978723405,0.1134020618556701,-0.4148936170212766,0.05154639175257732,-0.31382978723404253,0.020618556701030927,-0.26595744680851063
1,0.0,0.0,-0.21505376344086022,-0.07766990291262135,-0.3118279569892473,-0.21844660194174756,-0.13978494623655913,-0.3446601941747573,0.043010752688172046,-0.441747572815534,-0.41935483870967744,-0.441747572815534,-0.44086021505376344,-0.6213592233009708,-0.44086021505376344,-0.7330097087378641,-0.43010752688172044,-0.8349514563106796,-0.13978494623655913,-0.441747572815534,-0.010752688172043012,-0.5436893203883495,-0.021505376344086023,-0.41262135922330095,-0.053763440860215055,-0.32524271844660196,0.10752688172043011,-0.4077669902912621,0.20430107526881722,-0.46116504854368934,0.15053763440860216,-0.33495145631067963,0.08602150537634409,-0.2766990291262136,0.3118279569892473,-0.34951456310679613,0.40860215053763443,-0.4077669902912621,0.3225806451612903,-0.3155339805825243,0.21505376344086022,-0.2669902912621359
1,0.0,0.0,-0.2604166666666667,-0.05392156862745098,-0.40625,-0.17647058823529413,-0.25,-0.29901960784313725,-0.07291666666666667,-0.38235294117647056,-0.4583333333333333,-0.4117647058823529,-0.4895833333333333,-0.6078431372549019,-0.46875,-0.7254901960784313,-0.46875,-0.8333333333333334,-0.20833333333333334,-0.4362745098039216,-0.0625,-0.5,-0.052083333333333336,-0.3480392156862745,-0.125,-0.2549019607843137,0.03125,-0.4264705882352941,0.16666666666666666,-0.43137254901960786,0.125,-0.29411764705882354,0.03125,-0.22549019607843138,0.23958333333333334,-0.39215686274509803,0.34375,-0.39215686274509803,0.2708333333333333,-0.28431372549019607,0.15625,-0.23039215686274508
1,0.0,0.0,-0.2916666666666667,-0.075,-0.5104166666666666,-0.175,-0.5416666666666666,-0.27,-0.3645833333333333,-0.335,-0.4375,-0.455,-0.5104166666666666,-0.625,-0.5208333333333334,-0.74,-0.5,-0.84,-0.17708333333333334,-0.465,-0.2708333333333333,-0.495,-0.3125,-0.36,-0.3125,-0.265,0.07291666666666667,-0.42,-0.020833333333333332,-0.395,-0.10416666666666667,-0.28,-0.11458333333333333,-0.205,0.2916666666666667,-0.34,0.17708333333333334,-0.32,0.052083333333333336,-0.235,0.0,-0.185
1,0.0,0.0,-0.3153153153153153,-0.08695652173913043,-0.5405405405405406,-0.19806763285024154,-0.6666666666666666,-0.30434782608695654,-0.4954954954954955,-0.34782608695652173,-0.3783783783783784,-0.47342995169082125,-0.4774774774774775,-0.6328502415458938,-0.5225225225225225,-0.7439613526570048,-0.5225225225225225,-0.8357487922705314,-0.16216216216216217,-0.4782608695652174,-0.36036036036036034,-0.4927536231884058,-0.40540540540540543,-0.34782608695652173,-0.36936936936936937,-0.28502415458937197,0.02702702702702703,-0.43478260869565216,-0.2072072072072072,-0.37681159420289856,-0.26126126126126126,-0.26570048309178745,-0.21621621621621623,-0.24154589371980675,0.17117117117117117,-0.3526570048309179,-0.05405405405405406,-0.2946859903381642,-0.12612612612612611,-0.2222222222222222,-0.0990990990990991,-0.2028985507246377
1,0.0,0.0,-0.37755102040816324,-0.06701030927835051,-0.6632653061224489,-0.17010309278350516,-0.8367346938775511,-0.27319587628865977,-0.7448979591836735,-0.36082474226804123,-0.5102040816326531,-0.4742268041237113,-0.6632653061224489,-0.634020618556701,-0.7653061224489796,-0.7422680412371134,-0.826530612244898,-0.8350515463917526,-0.3163265306122449,-0.4948453608247423,-0.6122448979591837,-0.4948453608247423,-0.6326530612244898,-0.34536082474226804,-0.5510204081632653,-0.27835051546391754,-0.14285714285714285,-0.4639175257731959,-0.46938775510204084,-0.4072164948453608,-0.46938775510204084,-0.27319587628865977,-0.3877551020408163,-0.23711340206185566,-0.01020408163265306,-0.39690721649484534,-0.29591836734693877,-0.3247422680412371,-0.3163265306122449,-0.23195876288659795,-0.23469387755102042,-0.20618556701030927
1,0.0,0.0,-0.36363636363636365,-0.05649717514124294,-0.6181818181818182,-0.1638418079096045,-0.7818181818181819,-0.2598870056497175,-0.8363636363636363,-0.3728813559322034,-0.45454545454545453,-0.4971751412429379,-0.6181818181818182,-0.6497175141242938,-0.7454545454545455,-0.751412429378531,-0.8272727272727273,-0.8418079096045198,-0.3181818181818182,-0.519774011299435,-0.6909090909090909,-0.5310734463276836,-0.7,-0.3502824858757062,-0.6090909090909091,-0.2711864406779661,-0.2,-0.4915254237288136,-0.5818181818181818,-0.4350282485875706,-0.5545454545454546,-0.2768361581920904,-0.45454545454545453,-0.23163841807909605,-0.11818181818181818,-0.4180790960451977,-0.43636363636363634,-0.3559322033898305,-0.41818181818181815,-0.2542372881355932,-0.3181818181818182,-0.22598870056497175
1,0.0,0.0,-0.36666666666666664,-0.05434782608695652,-0.6166666666666667,-0.16847826086956522,-0.7833333333333333,-0.25,-0.8333333333333334,-0.34782608695652173,-0.425,-0.5108695652173914,-0.5833333333333334,-0.6521739130434783,-0.7,-0.75,-0.7833333333333333,-0.8369565217391305,-0.3,-0.5163043478260869,-0.6916666666666667,-0.5217391304347826,-0.7166666666666667,-0.34782608695652173,-0.6416666666666667,-0.2608695652173913,-0.20833333333333334,-0.4782608695652174,-0.5916666666666667,-0.4076086956521739,-0.5916666666666667,-0.266304347826087,-0.5083333333333333,-0.21195652173913043,-0.15833333333333333,-0.391304347826087,-0.4666666666666667,-0.32608695652173914,-0.48333333333333334,-0.22826086956521738,-0.4166666666666667,-0.1956521739130435
1,0.0,0.0,-0.2619047619047619,-0.03333333333333333,-0.5158730158730159,-0.13333333333333333,-0.6825396825396826,-0.25555555555555554,-0.6111111111111112,-0.37777777777777777,-0.5238095238095238,-0.4444444444444444,-0.6825396825396826,-0.6222222222222222,-0.7857142857142857,-0.7333333333333333,-0.8412698412698413,-0.8333333333333334,-0.36507936507936506,-0.48333333333333334,-0.5555555555555556,-0.5444444444444444,-0.5,-0.3611111111111111,-0.4126984126984127,-0.2722222222222222,-0.19047619047619047,-0.48333333333333334,-0.38095238095238093,-0.48333333333333334,-0.3333333333333333,-0.3111111111111111,-0.2619047619047619,-0.24444444444444444,-0.015873015873015872,-0.43333333333333335,-0.18253968253968253,-0.4111111111111111,-0.19047619047619047,-0.28888888888888886,-0.1349206349206349,-0.24444444444444444
1,0.0,0.0,-0.27,-0.02403846153846154,-0.53,-0.13942307692307693,-0.48,-0.27403846153846156,-0.33,-0.3701923076923077,-0.54,-0.4182692307692308,-0.63,-0.6105769230769231,-0.62,-0.7307692307692307,-0.61,-0.8365384615384616,-0.28,-0.42788461538461536,-0.24,-0.4807692307692308,-0.24,-0.3317307692307692,-0.27,-0.24519230769230768,-0.02,-0.40384615384615385,0.0,-0.41346153846153844,-0.05,-0.2692307692307692,-0.1,-0.21153846153846154,0.21,-0.35096153846153844,0.21,-0.34615384615384615,0.14,-0.23076923076923078,0.07,-0.18269230769230768
1,0.0,0.0,-0.29545454545454547,-0.050505050505050504,-0.48863636363636365,-0.1717171717171717,-0.375,-0.29797979797979796,-0.2159090909090909,-0.398989898989899,-0.5568181818181818,-0.42424242424242425,-0.5795454545454546,-0.6161616161616161,-0.5340909090909091,-0.7272727272727273,-0.5,-0.8383838383838383,-0.2840909090909091,-0.4292929292929293,-0.19318181818181818,-0.51010101010101,-0.17045454545454544,-0.35858585858585856,-0.2159090909090909,-0.2777777777777778,-0.03409090909090909,-0.40404040404040403,0.06818181818181818,-0.4444444444444444,0.03409090909090909,-0.2878787878787879,-0.056818181818181816,-0.22727272727272727,0.18181818181818182,-0.35858585858585856,0.26136363636363635,-0.3787878787878788,0.19318181818181818,-0.26262626262626265,0.07954545454545454,-0.21212121212121213
1,0.0,0.0,-0.3125,-0.0481283422459893,-0.5125,-0.16042780748663102,-0.4125,-0.28342245989304815,-0.225,-0.3689839572192513,-0.5625,-0.42245989304812837,-0.5625,-0.6096256684491979,-0.5125,-0.7272727272727273,-0.475,-0.839572192513369,-0.2875,-0.42245989304812837,-0.1875,-0.5080213903743316,-0.1875,-0.35294117647058826,-0.2375,-0.27807486631016043,-0.025,-0.39572192513368987,0.075,-0.43315508021390375,0.025,-0.28342245989304815,-0.0625,-0.23529411764705882,0.2125,-0.35294117647058826,0.2875,-0.3689839572192513,0.2,-0.25668449197860965,0.0875,-0.2192513368983957
1,0.0,0.0,-0.2708333333333333,-0.08743169398907104,-0.5,-0.2185792349726776,-0.53125,-0.366120218579235,-0.3854166666666667,-0.46994535519125685,-0.4479166666666667,-0.4426229508196721,-0.5625,-0.6229508196721312,-0.6354166666666666,-0.7377049180327869,-0.6666666666666666,-0.8360655737704918,-0.25,-0.44808743169398907,-0.3333333333333333,-0.5683060109289617,-0.34375,-0.4262295081967213,-0.3229166666666667,-0.32786885245901637,-0.041666666666666664,-0.4207650273224044,-0.11458333333333333,-0.5136612021857924,-0.15625,-0.366120218579235,-0.14583333333333334,-0.2786885245901639,0.16666666666666666,-0.366120218579235,0.07291666666666667,-0.453551912568306,0.010416666666666666,-0.36065573770491804,0.0,-0.2896174863387978
1,0.0,0.0,-0.2826086956521739,-0.0851063829787234,-0.532608695652174,-0.22340425531914893,-0.6195652173913043,-0.35106382978723405,-0.45652173913043476,-0.43617021276595747,-0.358695652173913,-0.44148936170212766,-0.43478260869565216,-0.6276595744680851,-0.4891304347826087,-0.7393617021276596,-0.5,-0.8404255319148937,-0.16304347826086957,-0.4308510638297872,-0.31521739130434784,-0.5531914893617021,-0.3804347826086957,-0.39361702127659576,-0.32608695652173914,-0.30319148936170215,0.03260869565217391,-0.39893617021276595,-0.14130434782608695,-0.4627659574468085,-0.20652173913043478,-0.31382978723404253,-0.15217391304347827,-0.24468085106382978,0.22826086956521738,-0.3351063829787234,0.05434782608695652,-0.39893617021276595,-0.043478260869565216,-0.2978723404255319,-0.021739130434782608,-0.2393617021276596
1,0.0,0.0,-0.32608695652173914,-0.09289617486338798,-0.5978260869565217,-0.22404371584699453,-0.7391304347826086,-0.3442622950819672,-0.6086956521739131,-0.4207650273224044,-0.40217391304347827,-0.46994535519125685,-0.5434782608695652,-0.6338797814207651,-0.6304347826086957,-0.7377049180327869,-0.6521739130434783,-0.8360655737704918,-0.21739130434782608,-0.47540983606557374,-0.45652173913043476,-0.5136612021857924,-0.5,-0.36065573770491804,-0.41304347826086957,-0.29508196721311475,-0.043478260869565216,-0.4426229508196721,-0.30434782608695654,-0.45901639344262296,-0.358695652173913,-0.3224043715846995,-0.2826086956521739,-0.2677595628415301,0.10869565217391304,-0.3770491803278688,-0.14130434782608695,-0.40437158469945356,-0.22826086956521738,-0.31693989071038253,-0.18478260869565216,-0.26229508196721313
1,0.0,0.0,-0.27,-0.055248618784530384,-0.5,-0.17679558011049723,-0.57,-0.3149171270718232,-0.46,-0.425414364640884,-0.48,-0.425414364640884,-0.62,-0.6243093922651933,-0.68,-0.7348066298342542,-0.7,-0.8342541436464088,-0.28,-0.430939226519337,-0.37,-0.569060773480663,-0.37,-0.4088397790055249,-0.34,-0.30939226519337015,-0.07,-0.4088397790055249,-0.16,-0.5027624309392266,-0.19,-0.3370165745856354,-0.17,-0.24861878453038674,0.14,-0.35911602209944754,0.05,-0.430939226519337,-0.02,-0.3259668508287293,-0.03,-0.2541436464088398
1,0.0,0.0,-0.297029702970297,-0.07650273224043716,-0.5148514851485149,-0.1912568306010929,-0.6039603960396039,-0.32786885245901637,-0.4752475247524752,-0.43169398907103823,-0.5148514851485149,-0.4207650273224044,-0.6435643564356436,-0.6174863387978142,-0.7029702970297029,-0.7377049180327869,-0.7326732673267327,-0.8360655737704918,-0.31683168316831684,-0.43169398907103823,-0.40594059405940597,-0.5628415300546448,-0.37623762376237624,-0.40437158469945356,-0.3465346534653465,-0.30601092896174864,-0.10891089108910891,-0.4098360655737705,-0.19801980198019803,-0.5081967213114754,-0.19801980198019803,-0.3551912568306011,-0.16831683168316833,-0.273224043715847,0.10891089108910891,-0.36065573770491804,0.009900990099009901,-0.4371584699453552,-0.04950495049504951,-0.33879781420765026,-0.039603960396039604,-0.2786885245901639
1,0.0,0.0,-0.2636363636363636,-0.06707317073170732,-0.4909090909090909,-0.18902439024390244,-0.5818181818181818,-0.3353658536585366,-0.4909090909090909,-0.4573170731707317,-0.4818181818181818,-0.4329268292682927,-0.6272727272727273,-0.6280487804878049,-0.7181818181818181,-0.7378048780487805,-0.7636363636363637,-0.8414634146341463,-0.3090909090909091,-0.45121951219512196,-0.4090909090909091,-0.5853658536585366,-0.38181818181818183,-0.4146341463414634,-0.32727272727272727,-0.3170731707317073,-0.11818181818181818,-0.4329268292682927,-0.22727272727272727,-0.5426829268292683,-0.22727272727272727,-0.3780487804878049,-0.17272727272727273,-0.2926829268292683,0.07272727272727272,-0.3902439024390244,-0.03636363636363636,-0.4878048780487805,-0.09090909090909091,-0.3780487804878049,-0.07272727272727272,-0.31097560975609756
1,0.0,0.0,-0.32608695652173914,-0.06666666666666667,-0.5760869565217391,-0.17575757575757575,-0.7391304347826086,-0.2727272727272727,-0.75,-0.3878787878787879,-0.44565217391304346,-0.48484848484848486,-0.6086956521739131,-0.6424242424242425,-0.7282608695652174,-0.7515151515151515,-0.8043478260869565,-0.8424242424242424,-0.2608695652173913,-0.503030303030303,-0.5543478260869565,-0.5454545454545454,-0.5869565217391305,-0.3696969696969697,-0.5217391304347826,-0.2787878787878788,-0.08695652173913043,-0.4727272727272727,-0.41304347826086957,-0.44242424242424244,-0.42391304347826086,-0.2909090909090909,-0.34782608695652173,-0.23030303030303031,0.043478260869565216,-0.40606060606060607,-0.25,-0.3696969696969697,-0.2826086956521739,-0.26666666666666666,-0.21739130434782608,-0.22424242424242424
1,0.0,0.0,-0.31958762886597936,-0.05625,-0.5773195876288659,-0.16875,-0.7319587628865979,-0.2625,-0.7731958762886598,-0.38125,-0.4742268041237113,-0.4875,-0.6391752577319587,-0.64375,-0.7525773195876289,-0.74375,-0.8350515463917526,-0.8375,-0.30927835051546393,-0.5125,-0.6185567010309279,-0.55625,-0.6185567010309279,-0.375,-0.5463917525773195,-0.2875,-0.15463917525773196,-0.49375,-0.4639175257731959,-0.45625,-0.4536082474226804,-0.29375,-0.3711340206185567,-0.23125,-0.020618556701030927,-0.43125,-0.29896907216494845,-0.3875,-0.31958762886597936,-0.275,-0.24742268041237114,-0.2375
1,0.0,0.0,-0.23333333333333334,-0.04861111111111111,-0.475,-0.18055555555555555,-0.6083333333333333,-0.3333333333333333,-0.6166666666666667,-0.4652777777777778,-0.5083333333333333,-0.4444444444444444,-0.6666666666666666,-0.625,-0.775,-0.7291666666666666,-0.8333333333333334,-0.8333333333333334,-0.36666666666666664,-0.4791666666666667,-0.5333333333333333,-0.6180555555555556,-0.5,-0.4166666666666667,-0.4166666666666667,-0.3125,-0.2,-0.4930555555555556,-0.36666666666666664,-0.5763888888888888,-0.325,-0.375,-0.24166666666666667,-0.2916666666666667,-0.016666666666666666,-0.4722222222222222,-0.19166666666666668,-0.5347222222222222,-0.19166666666666668,-0.3958333333333333,-0.125,-0.3263888888888889
1,0.0,0.0,-0.24742268041237114,-0.049723756906077346,-0.4845360824742268,-0.1712707182320442,-0.5360824742268041,-0.30386740331491713,-0.41237113402061853,-0.4088397790055249,-0.4639175257731959,-0.430939226519337,-0.5670103092783505,-0.6187845303867403,-0.6082474226804123,-0.7348066298342542,-0.6288659793814433,-0.8342541436464088,-0.23711340206185566,-0.430939226519337,-0.31958762886597936,-0.5524861878453039,-0.31958762886597936,-0.3867403314917127,-0.28865979381443296,-0.281767955801105,-0.020618556701030927,-0.39779005524861877,-0.08247422680412371,-0.4696132596685083,-0.12371134020618557,-0.3149171270718232,-0.10309278350515463,-0.23204419889502761,0.20618556701030927,-0.3370165745856354,0.12371134020618557,-0.3867403314917127,0.041237113402061855,-0.287292817679558,0.020618556701030927,-0.2265193370165746
1,0.0,0.0,-0.34523809523809523,-0.09,-0.5595238095238095,-0.215,-0.5595238095238095,-0.345,-0.39285714285714285,-0.44,-0.5119047619047619,-0.44,-0.5952380952380952,-0.63,-0.5952380952380952,-0.74,-0.5714285714285714,-0.84,-0.2619047619047619,-0.43,-0.2976190476190476,-0.555,-0.2976190476190476,-0.4,-0.2857142857142857,-0.31,0.0,-0.395,-0.03571428571428571,-0.49,-0.10714285714285714,-0.34,-0.11904761904761904,-0.25,0.23809523809523808,-0.335,0.19047619047619047,-0.415,0.08333333333333333,-0.32,0.023809523809523808,-0.26
1,0.0,0.0,-0.28888888888888886,-0.07216494845360824,-0.5222222222222223,-0.20103092783505155,-0.5555555555555556,-0.32989690721649484,-0.4111111111111111,-0.42783505154639173,-0.45555555555555555,-0.4329896907216495,-0.5555555555555556,-0.6288659793814433,-0.5888888888888889,-0.7371134020618557,-0.5888888888888889,-0.8350515463917526,-0.2111111111111111,-0.42783505154639173,-0.2777777777777778,-0.5567010309278351,-0.3111111111111111,-0.4020618556701031,-0.28888888888888886,-0.30927835051546393,0.022222222222222223,-0.39690721649484534,-0.05555555555555555,-0.4793814432989691,-0.1111111111111111,-0.32989690721649484,-0.1,-0.25257731958762886,0.25555555555555554,-0.3402061855670103,0.16666666666666666,-0.41237113402061853,0.06666666666666667,-0.31443298969072164,0.05555555555555555,-0.25773195876288657
1,0.0,0.0,-0.256,-0.06289308176100629,-0.488,-0.1761006289308176,-0.608,-0.32075471698113206,-0.544,-0.46540880503144655,-0.536,-0.41509433962264153,-0.688,-0.610062893081761,-0.784,-0.7295597484276729,-0.84,-0.8364779874213837,-0.376,-0.44654088050314467,-0.496,-0.6037735849056604,-0.448,-0.42138364779874216,-0.392,-0.32075471698113206,-0.2,-0.4528301886792453,-0.328,-0.5723270440251572,-0.296,-0.39622641509433965,-0.232,-0.3081761006289308,-0.008,-0.4276729559748428,-0.144,-0.5283018867924528,-0.168,-0.4088050314465409,-0.136,-0.3270440251572327
1,0.0,0.0,-0.2601626016260163,-0.049079754601226995,-0.4959349593495935,-0.15950920245398773,-0.6422764227642277,-0.25766871165644173,-0.6585365853658537,-0.3803680981595092,-0.4715447154471545,-0.4723926380368098,-0.6422764227642277,-0.6319018404907976,-0.7560975609756098,-0.7423312883435583,-0.8373983739837398,-0.8404907975460123,-0.3333333333333333,-0.5030674846625767,-0.5447154471544715,-0.5460122699386503,-0.5365853658536586,-0.3558282208588957,-0.45528455284552843,-0.26380368098159507,-0.18699186991869918,-0.49079754601226994,-0.3983739837398374,-0.49079754601226994,-0.3821138211382114,-0.31901840490797545,-0.3008130081300813,-0.24539877300613497,-0.04065040650406504,-0.44171779141104295,-0.23577235772357724,-0.4294478527607362,-0.2601626016260163,-0.3067484662576687,-0.2032520325203252,-0.25766871165644173
1,0.0,0.0,-0.23478260869565218,-0.05325443786982249,-0.4782608695652174,-0.17751479289940827,-0.6173913043478261,-0.30177514792899407,-0.5565217391304348,-0.42011834319526625,-0.46956521739130436,-0.4437869822485207,-0.6173913043478261,-0.6272189349112426,-0.7217391304347827,-0.7337278106508875,-0.7913043478260869,-0.834319526627219,-0.30434782608695654,-0.46153846153846156,-0.4608695652173913,-0.5680473372781065,-0.4434782608695652,-0.3905325443786982,-0.3739130434782609,-0.2958579881656805,-0.13043478260869565,-0.44970414201183434,-0.28695652173913044,-0.5088757396449705,-0.2782608695652174,-0.33727810650887574,-0.21739130434782608,-0.2603550295857988,0.05217391304347826,-0.40828402366863903,-0.10434782608695652,-0.44970414201183434,-0.1391304347826087,-0.3254437869822485,-0.09565217391304348,-0.26627218934911245
1,0.0,0.0,-0.3023255813953488,-0.0707070707070707,-0.5232558139534884,-0.20202020202020202,-0.5581395348837209,-0.3333333333333333,-0.3953488372093023,-0.42424242424242425,-0.46511627906976744,-0.4292929292929293,-0.5348837209302325,-0.6212121212121212,-0.5348837209302325,-0.7373737373737373,-0.5116279069767442,-0.8383838383838383,-0.20930232558139536,-0.42424242424242425,-0.2441860465116279,-0.5454545454545454,-0.29069767441860467,-0.3939393939393939,-0.3023255813953488,-0.29292929292929293,0.046511627906976744,-0.3838383838383838,-0.011627906976744186,-0.46464646464646464,-0.10465116279069768,-0.3181818181818182,-0.11627906976744186,-0.23232323232323232,0.27906976744186046,-0.3181818181818182,0.20930232558139536,-0.3838383838383838,0.09302325581395349,-0.2878787878787879,0.03488372093023256,-0.22727272727272727
1,0.0,0.0,-0.3176470588235294,-0.09045226130653267,-0.5294117647058824,-0.23115577889447236,-0.5647058823529412,-0.37185929648241206,-0.4,-0.46733668341708545,-0.47058823529411764,-0.44221105527638194,-0.5294117647058824,-0.6331658291457286,-0.5294117647058824,-0.7437185929648241,-0.5058823529411764,-0.8391959798994975,-0.2235294117647059,-0.4271356783919598,-0.23529411764705882,-0.5678391959798995,-0.27058823529411763,-0.41708542713567837,-0.27058823529411763,-0.32160804020100503,0.03529411764705882,-0.3969849246231156,0.023529411764705882,-0.49748743718592964,-0.07058823529411765,-0.35678391959798994,-0.10588235294117647,-0.2663316582914573,0.27058823529411763,-0.3316582914572864,0.24705882352941178,-0.4221105527638191,0.12941176470588237,-0.33668341708542715,0.07058823529411765,-0.271356783919598
1,0.0,0.0,-0.29896907216494845,-0.08762886597938144,-0.5154639175257731,-0.22164948453608246,-0.5773195876288659,-0.36082474226804123,-0.44329896907216493,-0.4639175257731959,-0.4742268041237113,-0.4329896907216495,-0.5876288659793815,-0.6185567010309279,-0.6288659793814433,-0.7319587628865979,-0.6288659793814433,-0.8350515463917526,-0.25773195876288657,-0.42783505154639173,-0.31958762886597936,-0.5721649484536082,-0.3402061855670103,-0.4175257731958763,-0.3402061855670103,-0.31443298969072164,-0.020618556701030927,-0.4020618556701031,-0.10309278350515463,-0.520618556701031,-0.15463917525773196,-0.3711340206185567,-0.14432989690721648,-0.27835051546391754,0.20618556701030927,-0.34536082474226804,0.12371134020618557,-0.44329896907216493,0.030927835051546393,-0.34536082474226804,0.020618556701030927,-0.27835051546391754
1,0.0,0.0,-0.2727272727272727,-0.07103825136612021,-0.5151515151515151,-0.1912568306010929,-0.5959595959595959,-0.3224043715846995,-0.48484848484848486,-0.43169398907103823,-0.46464646464646464,-0.4262295081967213,-0.5858585858585859,-0.6229508196721312,-0.6363636363636364,-0.7377049180327869,-0.6464646464646465,-0.8360655737704918,-0.25252525252525254,-0.4262295081967213,-0.35353535353535354,-0.5683060109289617,-0.36363636363636365,-0.40437158469945356,-0.3333333333333333,-0.3005464480874317,-0.030303030303030304,-0.3989071038251366,-0.15151515151515152,-0.4972677595628415,-0.1919191919191919,-0.3333333333333333,-0.16161616161616163,-0.24043715846994534,0.1919191919191919,-0.34972677595628415,0.06060606060606061,-0.43169398907103823,-0.020202020202020204,-0.3224043715846995,-0.020202020202020204,-0.2459016393442623
1,0.0,0.0,-0.27956989247311825,-0.06432748538011696,-0.5376344086021505,-0.18128654970760233,-0.6451612903225806,-0.30409356725146197,-0.5591397849462365,-0.42105263157894735,-0.4731182795698925,-0.4269005847953216,-0.6021505376344086,-0.6198830409356725,-0.6666666666666666,-0.7309941520467836,-0.6881720430107527,-0.8362573099415205,-0.26881720430107525,-0.4327485380116959,-0.41935483870967744,-0.5555555555555556,-0.41935483870967744,-0.38596491228070173,-0.3763440860215054,-0.2807017543859649,-0.053763440860215055,-0.4093567251461988,-0.21505376344086022,-0.4853801169590643,-0.23655913978494625,-0.3216374269005848,-0.1935483870967742,-0.22807017543859648,0.16129032258064516,-0.36257309941520466,0.0,-0.4269005847953216,-0.07526881720430108,-0.3216374269005848,-0.06451612903225806,-0.24561403508771928
1,0.0,0.0,-0.2717391304347826,-0.06779661016949153,-0.5108695652173914,-0.192090395480226,-0.6195652173913043,-0.3220338983050847,-0.5,-0.423728813559322,-0.4673913043478261,-0.4293785310734463,-0.5978260869565217,-0.6214689265536724,-0.6630434782608695,-0.7401129943502824,-0.6630434782608695,-0.8418079096045198,-0.2608695652173913,-0.4350282485875706,-0.3695652173913043,-0.5649717514124294,-0.40217391304347827,-0.4067796610169492,-0.358695652173913,-0.2994350282485876,-0.03260869565217391,-0.4067796610169492,-0.17391304347826086,-0.4915254237288136,-0.21739130434782608,-0.3446327683615819,-0.18478260869565216,-0.24858757062146894,0.18478260869565216,-0.3559322033898305,0.043478260869565216,-0.4180790960451977,-0.03260869565217391,-0.3163841807909605,-0.021739130434782608,-0.24858757062146894
1,0.0,0.0,-0.24770642201834864,-0.07065217391304347,-0.47706422018348627,-0.18478260869565216,-0.5871559633027523,-0.30434782608695654,-0.47706422018348627,-0.391304347826087,-0.42201834862385323,-0.42934782608695654,-0.5596330275229358,-0.6195652173913043,-0.6330275229357798,-0.7336956521739131,-0.6788990825688074,-0.8369565217391305,-0.23853211009174313,-0.44021739130434784,-0.3761467889908257,-0.5543478260869565,-0.4036697247706422,-0.41304347826086957,-0.3853211009174312,-0.29891304347826086,-0.045871559633027525,-0.4076086956521739,-0.1834862385321101,-0.4945652173913043,-0.22018348623853212,-0.3532608695652174,-0.2018348623853211,-0.25,0.1559633027522936,-0.3532608695652174,0.03669724770642202,-0.41847826086956524,-0.05504587155963303,-0.33152173913043476,-0.08256880733944955,-0.25
1,0.0,0.0,-0.2727272727272727,-0.045454545454545456,-0.5272727272727272,-0.1534090909090909,-0.6727272727272727,-0.2784090909090909,-0.6272727272727273,-0.4034090909090909,-0.4818181818181818,-0.4375,-0.6454545454545455,-0.6193181818181818,-0.7363636363636363,-0.7386363636363636,-0.7909090909090909,-0.8409090909090909,-0.3181818181818182,-0.45454545454545453,-0.509090909090909,-0.5397727272727273,-0.4818181818181818,-0.36363636363636365,-0.4090909090909091,-0.2556818181818182,-0.13636363636363635,-0.4431818181818182,-0.33636363636363636,-0.4772727272727273,-0.32727272727272727,-0.3125,-0.2545454545454545,-0.2215909090909091,0.045454545454545456,-0.4034090909090909,-0.12727272727272726,-0.42045454545454547,-0.16363636363636364,-0.3068181818181818,-0.13636363636363635,-0.23295454545454544
1,0.0,0.0,-0.2916666666666667,-0.06989247311827956,-0.5416666666666666,-0.20430107526881722,-0.6458333333333334,-0.34408602150537637,-0.4895833333333333,-0.44086021505376344,-0.4583333333333333,-0.42473118279569894,-0.5729166666666666,-0.6236559139784946,-0.625,-0.7419354838709677,-0.65625,-0.8387096774193549,-0.25,-0.43010752688172044,-0.375,-0.543010752688172,-0.40625,-0.4032258064516129,-0.375,-0.2903225806451613,-0.03125,-0.3978494623655914,-0.17708333333333334,-0.489247311827957,-0.22916666666666666,-0.34946236559139787,-0.20833333333333334,-0.24731182795698925,0.17708333333333334,-0.3387096774193548,0.052083333333333336,-0.41397849462365593,-0.052083333333333336,-0.3225806451612903,-0.052083333333333336,-0.24193548387096775
1,0.0,0.0,-0.2976190476190476,-0.09644670050761421,-0.4880952380952381,-0.22842639593908629,-0.5119047619047619,-0.36548223350253806,-0.34523809523809523,-0.467005076142132,-0.44047619047619047,-0.4365482233502538,-0.47619047619047616,-0.6294416243654822,-0.44047619047619047,-0.7411167512690355,-0.38095238095238093,-0.8375634517766497,-0.17857142857142858,-0.4263959390862944,-0.16666666666666666,-0.5583756345177665,-0.21428571428571427,-0.41624365482233505,-0.25,-0.3147208121827411,0.08333333333333333,-0.38071065989847713,0.07142857142857142,-0.48223350253807107,-0.03571428571428571,-0.3401015228426396,-0.10714285714285714,-0.24873096446700507,0.32142857142857145,-0.3147208121827411,0.2857142857142857,-0.39086294416243655,0.15476190476190477,-0.29949238578680204,0.07142857142857142,-0.233502538071066
1,0.0,0.0,-0.30337078651685395,-0.08040201005025126,-0.5280898876404494,-0.20603015075376885,-0.5617977528089888,-0.3417085427135678,-0.39325842696629215,-0.4321608040201005,-0.4606741573033708,-0.4271356783919598,-0.5393258426966292,-0.6231155778894473,-0.5617977528089888,-0.7386934673366834,-0.550561797752809,-0.8391959798994975,-0.20224719101123595,-0.41708542713567837,-0.24719101123595505,-0.5326633165829145,-0.2696629213483146,-0.3869346733668342,-0.2696629213483146,-0.2814070351758794,0.0449438202247191,-0.3768844221105528,-0.011235955056179775,-0.46733668341708545,-0.0898876404494382,-0.32160804020100503,-0.12359550561797752,-0.22613065326633167,0.2808988764044944,-0.31155778894472363,0.21348314606741572,-0.3869346733668342,0.0898876404494382,-0.2914572864321608,0.02247191011235955,-0.22110552763819097
1,0.0,0.0,-0.21481481481481482,-0.05357142857142857,-0.4148148148148148,-0.16666666666666666,-0.5185185185185185,-0.2916666666666667,-0.48148148148148145,-0.42857142857142855,-0.45925925925925926,-0.42857142857142855,-0.6296296296296297,-0.6190476190476191,-0.7333333333333333,-0.7321428571428571,-0.8074074074074075,-0.8333333333333334,-0.3111111111111111,-0.4583333333333333,-0.4444444444444444,-0.5892857142857143,-0.4074074074074074,-0.4166666666666667,-0.35555555555555557,-0.30357142857142855,-0.14074074074074075,-0.4523809523809524,-0.25925925925925924,-0.5357142857142857,-0.24444444444444444,-0.36904761904761907,-0.2,-0.26785714285714285,0.02962962962962963,-0.4166666666666667,-0.08148148148148149,-0.47023809523809523,-0.1111111111111111,-0.35119047619047616,-0.0962962962962963,-0.27380952380952384
1,0.0,0.0,-0.208955223880597,-0.049079754601226995,-0.417910447761194,-0.15950920245398773,-0.5447761194029851,-0.2883435582822086,-0.5074626865671642,-0.4110429447852761,-0.4552238805970149,-0.4294478527607362,-0.6268656716417911,-0.6257668711656442,-0.7388059701492538,-0.7361963190184049,-0.8134328358208955,-0.8404907975460123,-0.31343283582089554,-0.4601226993865031,-0.4552238805970149,-0.5828220858895705,-0.41044776119402987,-0.3987730061349693,-0.34328358208955223,-0.294478527607362,-0.14925373134328357,-0.4539877300613497,-0.2835820895522388,-0.5398773006134969,-0.26119402985074625,-0.36809815950920244,-0.208955223880597,-0.27607361963190186,0.022388059701492536,-0.4233128834355828,-0.09701492537313433,-0.4723926380368098,-0.12686567164179105,-0.3558282208588957,-0.1044776119402985,-0.2883435582822086
1,0.0,0.0,-0.2777777777777778,-0.0748663101604278,-0.5333333333333333,-0.21390374331550802,-0.6111111111111112,-0.35294117647058826,-0.4444444444444444,-0.44919786096256686,-0.43333333333333335,-0.43315508021390375,-0.5444444444444444,-0.6256684491978609,-0.5888888888888889,-0.7379679144385026,-0.5777777777777777,-0.839572192513369,-0.2111111111111111,-0.43315508021390375,-0.32222222222222224,-0.5668449197860963,-0.36666666666666664,-0.4117647058823529,-0.34444444444444444,-0.3048128342245989,0.011111111111111112,-0.40106951871657753,-0.1111111111111111,-0.48663101604278075,-0.18888888888888888,-0.3315508021390374,-0.17777777777777778,-0.23529411764705882,0.23333333333333334,-0.33689839572192515,0.08888888888888889,-0.40641711229946526,-0.011111111111111112,-0.2994652406417112,-0.022222222222222223,-0.22994652406417113
1,0.0,0.0,-0.27906976744186046,-0.07692307692307693,-0.47674418604651164,-0.2153846153846154,-0.4883720930232558,-0.3487179487179487,-0.3023255813953488,-0.4307692307692308,-0.36046511627906974,-0.4307692307692308,-0.36046511627906974,-0.6256410256410256,-0.32558139534883723,-0.7384615384615385,-0.2558139534883721,-0.8358974358974359,-0.11627906976744186,-0.40512820512820513,-0.10465116279069768,-0.5384615384615384,-0.1744186046511628,-0.39487179487179486,-0.20930232558139536,-0.28717948717948716,0.11627906976744186,-0.358974358974359,0.10465116279069768,-0.4512820512820513,-0.023255813953488372,-0.31794871794871793,-0.08139534883720931,-0.22564102564102564,0.3488372093023256,-0.28717948717948716,0.3023255813953488,-0.3641025641025641,0.16279069767441862,-0.28205128205128205,0.06976744186046512,-0.21025641025641026
1,0.0,0.0,-0.21897810218978103,-0.05202312138728324,-0.40875912408759124,-0.1676300578034682,-0.5182481751824818,-0.30057803468208094,-0.4744525547445255,-0.43352601156069365,-0.45255474452554745,-0.4277456647398844,-0.6204379562043796,-0.6184971098265896,-0.7226277372262774,-0.7341040462427746,-0.7956204379562044,-0.838150289017341,-0.29927007299270075,-0.45664739884393063,-0.4233576642335766,-0.5953757225433526,-0.38686131386861317,-0.41040462427745666,-0.3284671532846715,-0.3063583815028902,-0.13138686131386862,-0.4508670520231214,-0.24817518248175183,-0.5433526011560693,-0.22627737226277372,-0.36416184971098264,-0.18248175182481752,-0.27167630057803466,0.043795620437956206,-0.41040462427745666,-0.06569343065693431,-0.47398843930635837,-0.10218978102189781,-0.3468208092485549,-0.072992700729927,-0.2774566473988439
1,0.0,0.0,-0.22794117647058823,-0.050314465408805034,-0.4411764705882353,-0.16352201257861634,-0.5661764705882353,-0.3018867924528302,-0.5367647058823529,-0.44025157232704404,-0.4852941176470588,-0.44025157232704404,-0.6617647058823529,-0.6226415094339622,-0.7647058823529411,-0.7358490566037735,-0.8382352941176471,-0.8364779874213837,-0.34558823529411764,-0.4779874213836478,-0.5,-0.5974842767295597,-0.4485294117647059,-0.41509433962264153,-0.38235294117647056,-0.29559748427672955,-0.17647058823529413,-0.48427672955974843,-0.3235294117647059,-0.5660377358490566,-0.29411764705882354,-0.389937106918239,-0.23529411764705882,-0.27672955974842767,-0.007352941176470588,-0.44654088050314467,-0.13970588235294118,-0.5220125786163522,-0.16911764705882354,-0.39622641509433965,-0.14705882352941177,-0.3018867924528302
1,0.0,0.0,-0.31868131868131866,-0.0718232044198895,-0.5824175824175825,-0.20441988950276244,-0.7252747252747253,-0.3370165745856354,-0.6703296703296703,-0.4530386740331492,-0.5164835164835165,-0.430939226519337,-0.6483516483516484,-0.6187845303867403,-0.7142857142857143,-0.7292817679558011,-0.7472527472527473,-0.8342541436464088,-0.32967032967032966,-0.430939226519337,-0.4945054945054945,-0.56353591160221,-0.4945054945054945,-0.4088397790055249,-0.42857142857142855,-0.30386740331491713,-0.12087912087912088,-0.4143646408839779,-0.2967032967032967,-0.5082872928176796,-0.31868131868131866,-0.35359116022099446,-0.26373626373626374,-0.2541436464088398,0.0989010989010989,-0.3756906077348066,-0.06593406593406594,-0.4696132596685083,-0.14285714285714285,-0.3701657458563536,-0.13186813186813187,-0.281767955801105
1,0.0,0.0,-0.3,-0.0851063829787234,-0.5333333333333333,-0.22340425531914893,-0.6555555555555556,-0.35106382978723405,-0.5888888888888889,-0.46808510638297873,-0.4222222222222222,-0.4308510638297872,-0.5222222222222223,-0.6223404255319149,-0.5888888888888889,-0.7393617021276596,-0.6,-0.8404255319148937,-0.2222222222222222,-0.425531914893617,-0.36666666666666664,-0.5585106382978723,-0.43333333333333335,-0.42021276595744683,-0.4111111111111111,-0.324468085106383,-0.022222222222222223,-0.39893617021276595,-0.17777777777777778,-0.5,-0.2777777777777778,-0.3617021276595745,-0.26666666666666666,-0.26595744680851063,0.18888888888888888,-0.3404255319148936,0.011111111111111112,-0.425531914893617,-0.1,-0.3351063829787234,-0.1111111111111111,-0.2553191489361702
1,0.0,0.0,-0.30337078651685395,-0.0913978494623656,-0.5280898876404494,-0.24193548387096775,-0.6292134831460674,-0.3817204301075269,-0.5168539325842697,-0.489247311827957,-0.4044943820224719,-0.45161290322580644,-0.4943820224719101,-0.6344086021505376,-0.5393258426966292,-0.7473118279569892,-0.5393258426966292,-0.8387096774193549,-0.20224719101123595,-0.44086021505376344,-0.29213483146067415,-0.5967741935483871,-0.3707865168539326,-0.46774193548387094,-0.3707865168539326,-0.3655913978494624,0.011235955056179775,-0.40860215053763443,-0.12359550561797752,-0.5161290322580645,-0.23595505617977527,-0.3763440860215054,-0.23595505617977527,-0.27956989247311825,0.21348314606741572,-0.34408602150537637,0.06741573033707865,-0.43548387096774194,-0.06741573033707865,-0.34946236559139787,-0.10112359550561797,-0.26881720430107525
